pathway,Biodomain
GOBP_MATURATION_OF_SSU_RRNA_FROM_TRICISTRONIC_RRNA_TRANSCRIPT_SSU_RRNA_5_8S_RRNA_LSU_RRNA,Proteostasis
GOBP_RECOMBINATIONAL_REPAIR,DNA Repair
GOBP_DOUBLE_STRAND_BREAK_REPAIR_VIA_BREAK_INDUCED_REPLICATION,DNA Repair
GOBP_FORMATION_OF_EXTRACHROMOSOMAL_CIRCULAR_DNA,"Based on the pathway name ""GOBP_FORMATION_OF_EXTRACHROMOSOMAL_CIRCULAR_DNA,"" the most appropriate biodomain to assign would be **DNA Repair**. This is because the formation of extrachromosomal circular DNA is often associated with processes related to DNA replication, repair, and maintenance, particularly in the context of certain cellular responses and mechanisms involving DNA."
GOBP_OVULATION_FROM_OVARIAN_FOLLICLE,Reproductive Biology
GOBP_FATTY_ACID_ALPHA_OXIDATION,Lipid Metabolism
GOBP_NATURAL_KILLER_CELL_PROLIFERATION,Immune Response
GOBP_RECEPTOR_RECYCLING,Endolysosome
GOBP_CELL_KILLING,Immune Response
GOBP_AUTOPHAGY_OF_MITOCHONDRION,Autophagy
GOBP_MATURATION_OF_SSU_RRNA_FROM_TRICISTRONIC_RRNA_TRANSCRIPT_SSU_RRNA_5_8S_RRNA_LSU_RRNA,Proteostasis
GOBP_RECOMBINATIONAL_REPAIR,DNA Repair
GOBP_DOUBLE_STRAND_BREAK_REPAIR_VIA_BREAK_INDUCED_REPLICATION,DNA Repair
GOBP_FORMATION_OF_EXTRACHROMOSOMAL_CIRCULAR_DNA,DNA Repair
GOBP_OVULATION_FROM_OVARIAN_FOLLICLE,Reproductive Biology
GOBP_FATTY_ACID_ALPHA_OXIDATION,Lipid Metabolism
GOBP_NATURAL_KILLER_CELL_PROLIFERATION,Immune Response
GOBP_RECEPTOR_RECYCLING,Endolysosome
GOBP_CELL_KILLING,Immune Response
GOBP_BLOOD_VESSEL_MATURATION,Vasculature
GOBP_REGULATION_OF_L_GLUTAMATE_IMPORT_ACROSS_PLASMA_MEMBRANE,Synapse
GOBP_COLUMNAR_CUBOIDAL_EPITHELIAL_CELL_MATURATION,"Based on the pathway name ""GOBP_COLUMNAR_CUBOIDAL_EPITHELIAL_CELL_MATURATION,"" the most appropriate biodomain to assign would be **Epithelial Development**. This pathway likely relates to the maturation processes of epithelial cells, which are crucial for the formation and function of epithelial tissues in various organs."
GOBP_NATURAL_KILLER_CELL_MEDIATED_IMMUNITY,Immune Response
GOBP_COMPLEMENT_RECEPTOR_MEDIATED_SIGNALING_PATHWAY,Immune Response
GOBP_PRODUCTION_OF_MOLECULAR_MEDIATOR_INVOLVED_IN_INFLAMMATORY_RESPONSE,Immune Response
GOBP_CYTOKINE_PRODUCTION_INVOLVED_IN_INFLAMMATORY_RESPONSE,Immune Response
GOBP_SOMATIC_DIVERSIFICATION_OF_IMMUNE_RECEPTORS_VIA_SOMATIC_MUTATION,Immune Response
GOBP_POSITIVE_REGULATION_OF_T_CELL_TOLERANCE_INDUCTION,Immune Response
GOBP_NEGATIVE_REGULATION_OF_LEUKOCYTE_MIGRATION,Immune Response
GOBP_NEGATIVE_REGULATION_OF_LYMPHOCYTE_MEDIATED_IMMUNITY,Immune Response
GOBP_REGULATION_OF_NATURAL_KILLER_CELL_MEDIATED_IMMUNITY,Immune Response
GOBP_NEGATIVE_REGULATION_OF_NATURAL_KILLER_CELL_MEDIATED_IMMUNITY,Immune Response
GOBP_NEGATIVE_REGULATION_OF_T_HELPER_1_TYPE_IMMUNE_RESPONSE,Immune Response
GOBP_NEGATIVE_REGULATION_OF_RESPONSE_TO_BIOTIC_STIMULUS,Immune Response
GOBP_POSITIVE_REGULATION_OF_ACUTE_INFLAMMATORY_RESPONSE_TO_ANTIGENIC_STIMULUS,Immune Response
GOBP_REGULATION_OF_HYPERSENSITIVITY,Immune Response
GOBP_SKELETAL_MUSCLE_CONTRACTION,Muscle Physiology
GOBP_REGULATION_OF_THE_FORCE_OF_HEART_CONTRACTION_BY_CHEMICAL_SIGNAL,Vasculature
GOBP_RENAL_SYSTEM_PROCESS_INVOLVED_IN_REGULATION_OF_SYSTEMIC_ARTERIAL_BLOOD_PRESSURE,Vasculature
GOBP_HEART_VALVE_FORMATION,Vasculature
GOBP_ATRIOVENTRICULAR_VALVE_FORMATION,Vasculature
GOBP_EPITHELIAL_TO_MESENCHYMAL_TRANSITION_INVOLVED_IN_ENDOCARDIAL_CUSHION_FORMATION,Cardiac Development
GOBP_CARDIAC_LEFT_VENTRICLE_MORPHOGENESIS,Vasculature
GOBP_ENDOCARDIAL_CUSHION_FUSION,Vasculature
GOBP_NORADRENERGIC_NEURON_DEVELOPMENT,Synapse
GOBP_CHONDROCYTE_HYPERTROPHY,Cartilage Development
GOBP_GROWTH_PLATE_CARTILAGE_CHONDROCYTE_DIFFERENTIATION,Developmental Biology
GOBP_CELLULAR_GLUCAN_METABOLIC_PROCESS,Lipid Metabolism
GOBP_SUCCINYL_COA_METABOLIC_PROCESS,Mitochondrial Metabolism
GOBP_ENERGY_RESERVE_METABOLIC_PROCESS,Lipid Metabolism
GOBP_MITOCHONDRIAL_ELECTRON_TRANSPORT_SUCCINATE_TO_UBIQUINONE,Mitochondrial Metabolism
GOBP_ADP_BIOSYNTHETIC_PROCESS,"Based on the pathway name ""GOBP_ADP_BIOSYNTHETIC_PROCESS,"" the most appropriate biodomain would be **Lipid Metabolism**. This is inferred from the context of ADP (adenosine diphosphate) being involved in various metabolic processes, particularly those related to lipid biosynthesis and metabolism."
GOBP_IMP_CATABOLIC_PROCESS,"Based on the pathway name ""GOBP_IMP_CATABOLIC_PROCESS,"" the most appropriate biodomain to assign would be **Lipid Metabolism**. This is inferred from the context of the pathway name, which suggests a focus on the metabolic processes related to the breakdown (catabolism) of lipids or related compounds."
GOBP_DNA_TEMPLATED_DNA_REPLICATION,Cell Cycle
GOBP_DNA_UNWINDING_INVOLVED_IN_DNA_REPLICATION,Cell Cycle
GOBP_DNA_REPLICATION_INITIATION,Cell Cycle
GOBP_DNA_STRAND_ELONGATION_INVOLVED_IN_DNA_REPLICATION,Cell Cycle
GOBP_BASE_EXCISION_REPAIR_GAP_FILLING,DNA Repair
GOBP_DNA_RECOMBINATION,DNA Repair
GOBP_RRNA_PROCESSING,RNA Spliceosome
GOBP_TRANSLATIONAL_ELONGATION,Proteostasis
GOBP_TRANSLATIONAL_TERMINATION,Proteostasis
GOBP_PROTEIN_FOLDING,Proteostasis
GOBP_DE_NOVO_PROTEIN_FOLDING,Proteostasis
GOBP_GPI_ANCHOR_METABOLIC_PROCESS,Lipid Metabolism
GOBP_PROTEOLYSIS,Proteostasis
GOBP_PROTEIN_QUALITY_CONTROL_FOR_MISFOLDED_OR_INCOMPLETELY_SYNTHESIZED_PROTEINS,Proteostasis
GOBP_COTRANSLATIONAL_PROTEIN_TARGETING_TO_MEMBRANE,Proteostasis
GOBP_SRP_DEPENDENT_COTRANSLATIONAL_PROTEIN_TARGETING_TO_MEMBRANE,Proteostasis
GOBP_SRP_DEPENDENT_COTRANSLATIONAL_PROTEIN_TARGETING_TO_MEMBRANE_TRANSLOCATION,Proteostasis
GOBP_SRP_DEPENDENT_COTRANSLATIONAL_PROTEIN_TARGETING_TO_MEMBRANE_SIGNAL_SEQUENCE_RECOGNITION,Proteostasis
GOBP_POST_TRANSLATIONAL_PROTEIN_TARGETING_TO_ENDOPLASMIC_RETICULUM_MEMBRANE,Proteostasis
GOBP_PROTEIN_RETENTION_IN_ER_LUMEN,Proteostasis
GOBP_PROTEIN_TARGETING_TO_PEROXISOME,**Proteostasis**
GOBP_FATTY_ACID_BIOSYNTHETIC_PROCESS,Lipid Metabolism
GOBP_UNSATURATED_FATTY_ACID_BIOSYNTHETIC_PROCESS,Lipid Metabolism
GOBP_PHOSPHATIDYLCHOLINE_BIOSYNTHETIC_PROCESS,Lipid Metabolism
GOBP_PHOSPHATIDYLSERINE_METABOLIC_PROCESS,Lipid Metabolism
GOBP_PROSTANOID_METABOLIC_PROCESS,Lipid Metabolism
GOBP_BILE_ACID_BIOSYNTHETIC_PROCESS,Lipid Metabolism
GOBP_CHOLESTEROL_CATABOLIC_PROCESS,Lipid Metabolism
GOBP_COPPER_ION_TRANSPORT,Metal Binding and Homeostasis
GOBP_MITOCHONDRIAL_TRANSPORT,Mitochondrial Metabolism
GOBP_INTRACELLULAR_IRON_ION_HOMEOSTASIS,Metal Binding and Homeostasis
GOBP_INTRACELLULAR_SODIUM_ION_HOMEOSTASIS,Metal Binding and Homeostasis
GOBP_ENDOPLASMIC_RETICULUM_TO_GOLGI_VESICLE_MEDIATED_TRANSPORT,Proteostasis
GOBP_RETROGRADE_VESICLE_MEDIATED_TRANSPORT_GOLGI_TO_ENDOPLASMIC_RETICULUM,Endolysosome
GOBP_INTRA_GOLGI_VESICLE_MEDIATED_TRANSPORT,Proteostasis
GOBP_VESICLE_BUDDING_FROM_MEMBRANE,"Based on the pathway name ""GOBP_VESICLE_BUDDING_FROM_MEMBRANE,"" the most appropriate biodomain to assign would be **Endolysosome**. This is because vesicle budding from membranes is typically associated with processes involving endocytosis and the trafficking of vesicles to endosomal and lysosomal compartments."
GOBP_VESICLE_COATING,Endolysosome
GOBP_PHAGOCYTOSIS_RECOGNITION,Autophagy
GOBP_RESPONSE_TO_OSMOTIC_STRESS,**Osmotic Stress**
GOBP_ER_NUCLEUS_SIGNALING_PATHWAY,"Based on the pathway name ""GOBP_ER_NUCLEUS_SIGNALING_PATHWAY,"" the most appropriate biodomain would be **Cell Signaling**. This pathway likely involves signaling processes that occur in the endoplasmic reticulum (ER) and nucleus, which are critical for cellular communication and regulation."
GOBP_RESPONSE_TO_STEROL_DEPLETION,Lipid Metabolism
GOBP_CELLULAR_RESPONSE_TO_NITROGEN_STARVATION,Metabolism
GOBP_NUCLEOLUS_ORGANIZATION,Structural Stabilization
GOBP_MICROTUBULE_DEPOLYMERIZATION,Structural Stabilization
GOBP_ENDOPLASMIC_RETICULUM_ORGANIZATION,Proteostasis
GOBP_ENDOSOME_ORGANIZATION,Endolysosome
GOBP_MITOTIC_SISTER_CHROMATID_COHESION,Cell Cycle
GOBP_FEMALE_MEIOTIC_NUCLEAR_DIVISION,Cell Cycle
GOBP_FEMALE_MEIOSIS_I,Cell Cycle
GOBP_HOMOPHILIC_CELL_ADHESION_VIA_PLASMA_MEMBRANE_ADHESION_MOLECULES,Structural Stabilization
GOBP_RECEPTOR_GUANYLYL_CYCLASE_SIGNALING_PATHWAY,Immune Response
GOBP_JNK_CASCADE,Immune Response
GOBP_ECTODERM_DEVELOPMENT,Developmental Biology
GOBP_ADULT_HEART_DEVELOPMENT,Vasculature
GOBP_FEEDING_BEHAVIOR,Neurobiology
GOBP_CELL_RECOGNITION,Immune Response
GOBP_MESODERMAL_CELL_MIGRATION,Developmental Biology
GOBP_ISOPRENOID_CATABOLIC_PROCESS,Lipid Metabolism
GOBP_APOPTOTIC_MITOCHONDRIAL_CHANGES,Apoptosis
GOBP_PHOSPHOLIPID_BIOSYNTHETIC_PROCESS,Lipid Metabolism
GOBP_MACROMOLECULE_CATABOLIC_PROCESS,"Based on the pathway name ""GOBP_MACROMOLECULE_CATABOLIC_PROCESS,"" the most appropriate biodomain to assign would be **Proteostasis**. This is because macromolecule catabolic processes are typically involved in the breakdown and recycling of proteins, nucleic acids, and other large biomolecules, which are key aspects of maintaining cellular homeostasis and protein quality control."
GOBP_NUCLEOSIDE_DIPHOSPHATE_BIOSYNTHETIC_PROCESS,Cell Cycle
GOBP_PURINE_NUCLEOSIDE_DIPHOSPHATE_BIOSYNTHETIC_PROCESS,Cell Cycle
GOBP_RIBONUCLEOSIDE_DIPHOSPHATE_BIOSYNTHETIC_PROCESS,Cell Cycle
GOBP_RESPONSE_TO_TEMPERATURE_STIMULUS,**Stress Response**
GOBP_RESPONSE_TO_HEAT,Stress Response
GOBP_RESPONSE_TO_FRUCTOSE,Metabolism
GOBP_POSITIVE_REGULATION_OF_CATABOLIC_PROCESS,"Based on the pathway name ""GOBP_POSITIVE_REGULATION_OF_CATABOLIC_PROCESS,"" the most appropriate biodomain would be **Metabolism**. This is because the term ""catabolic process"" refers to metabolic pathways that break down molecules to release energy, which is a key aspect of metabolism."
GOBP_ANTERIOR_POSTERIOR_AXIS_SPECIFICATION,"The pathway ""GOBP_ANTERIOR_POSTERIOR_AXIS_SPECIFICATION"" is related to developmental biology, specifically the processes involved in establishing the anterior-posterior axis in organisms. This is a fundamental aspect of embryonic development and pattern formation.

Based on the context of the pathway, the most appropriate biodomain to assign would be **Developmental Biology**."
GOBP_MEIOTIC_CHROMOSOME_CONDENSATION,Cell Cycle
GOBP_NEGATIVE_REGULATION_OF_GENE_EXPRESSION_VIA_CHROMOSOMAL_DNA_CYTOSINE_METHYLATION,Epigenetic
GOBP_MEMBRANE_INVAGINATION,"Based on the pathway name ""GOBP_MEMBRANE_INVAGINATION,"" the most appropriate biodomain to assign would be **Endolysosome**. This is because membrane invagination is often associated with processes such as endocytosis, which leads to the formation of endosomes and lysosomes."
GOBP_RESPONSE_TO_ACIDIC_PH,**Acid-Base Homeostasis**
GOBP_REGULATION_OF_GASTRULATION,Developmental Biology
GOBP_PROTEASOMAL_PROTEIN_CATABOLIC_PROCESS,Proteostasis
GOBP_POSITIVE_REGULATION_OF_AUTOPHAGY,Autophagy
GOBP_POSITIVE_REGULATION_OF_STRIATED_MUSCLE_CELL_APOPTOTIC_PROCESS,Apoptosis
GOBP_REGULATION_OF_COLLAGEN_METABOLIC_PROCESS,Structural Stabilization
GOBP_NEGATIVE_REGULATION_OF_COLLAGEN_METABOLIC_PROCESS,Structural Stabilization
GOBP_NEGATIVE_REGULATION_OF_EPITHELIAL_TO_MESENCHYMAL_TRANSITION,**Cancer Biology**
GOBP_REGULATION_OF_MITOCHONDRION_ORGANIZATION,Mitochondrial Metabolism
GOBP_POSITIVE_REGULATION_OF_MITOCHONDRION_ORGANIZATION,Mitochondrial Metabolism
GOBP_NEGATIVE_REGULATION_OF_MITOCHONDRION_ORGANIZATION,Mitochondrial Metabolism
GOBP_REGULATION_OF_GLUCOSE_TRANSMEMBRANE_TRANSPORT,Metabolism
GOBP_NEGATIVE_REGULATION_OF_SMAD_PROTEIN_COMPLEX_ASSEMBLY,**Signal Transduction**
GOBP_GLIAL_CELL_PROLIFERATION,Immune Response
GOBP_NEURAL_CREST_FORMATION,Developmental Biology
GOBP_NEURAL_CREST_CELL_FATE_COMMITMENT,Immune Response
GOBP_SCHWANN_CELL_DIFFERENTIATION,Myelination
GOBP_SCHWANN_CELL_DEVELOPMENT,Myelination
GOBP_GAMMA_AMINOBUTYRIC_ACID_SECRETION,Synapse
GOBP_NEGATIVE_REGULATION_OF_SEROTONIN_SECRETION,Synapse
GOBP_REGULATION_OF_SKELETAL_MUSCLE_CONTRACTION_BY_CALCIUM_ION_SIGNALING,Vasculature
GOBP_NEGATIVE_REGULATION_OF_SKELETAL_MUSCLE_CELL_PROLIFERATION,Muscle Development
GOBP_NOREPINEPHRINE_TRANSPORT,Synapse
GOBP_VESICLE_ORGANIZATION,"Based on the pathway name ""GOBP_VESICLE_ORGANIZATION,"" the most appropriate biodomain to assign would be **Proteostasis**. This is because vesicle organization is closely related to the processes involved in maintaining protein homeostasis and trafficking within the cell, which are key aspects of proteostasis."
GOBP_TERPENOID_CATABOLIC_PROCESS,Lipid Metabolism
GOBP_POSITIVE_REGULATION_OF_MACROAUTOPHAGY,Autophagy
GOBP_PROTEIN_IMPORT_INTO_PEROXISOME_MATRIX_RECEPTOR_RECYCLING,"Based on the pathway name ""GOBP_PROTEIN_IMPORT_INTO_PEROXISOME_MATRIX_RECEPTOR_RECYCLING,"" the most appropriate biodomain to assign would be **Proteostasis**. This is because the process of protein import into organelles, such as peroxisomes, and the recycling of receptors are closely related to maintaining protein homeostasis within the cell."
GOBP_PROTEIN_IMPORT,Proteostasis
GOBP_PEPTIDYL_PROLINE_MODIFICATION,Proteostasis
GOBP_PEPTIDYL_PROLINE_HYDROXYLATION_TO_4_HYDROXY_L_PROLINE,Proteostasis
GOBP_VIRAL_RELEASE_FROM_HOST_CELL,Immune Response
GOBP_REPRODUCTIVE_BEHAVIOR,Neurobiology
GOBP_DOLICHOL_METABOLIC_PROCESS,Lipid Metabolism
GOBP_LIPOXYGENASE_PATHWAY,Lipid Metabolism
GOBP_TAURINE_METABOLIC_PROCESS,Lipid Metabolism
GOBP_GLIAL_CELL_FATE_COMMITMENT,Immune Response
GOBP_GLIAL_CELL_DEVELOPMENT,Immune Response
GOBP_PROTEIN_TO_MEMBRANE_DOCKING,"Based on the pathway name ""GOBP_PROTEIN_TO_MEMBRANE_DOCKING,"" the most appropriate biodomain to assign would be **Proteostasis**. This is because the process of protein docking to membranes is closely related to the maintenance of protein homeostasis within the cell, which is a key aspect of proteostasis."
GOBP_NEGATIVE_REGULATION_OF_SIGNALING,Immune Response
GOBP_NATURAL_KILLER_CELL_ACTIVATION,Immune Response
GOBP_PROTEIN_IMPORT_INTO_MITOCHONDRIAL_MATRIX,Mitochondrial Metabolism
GOBP_PROTEIN_CATABOLIC_PROCESS,Proteostasis
GOBP_REGULATION_OF_DNA_TEMPLATED_DNA_REPLICATION_INITIATION,Cell Cycle
GOBP_MEGAKARYOCYTE_DIFFERENTIATION,Immune Response
GOBP_NEGATIVE_REGULATION_OF_CELL_GROWTH,Cell Cycle
GOBP_UBIQUITIN_DEPENDENT_ERAD_PATHWAY,Proteostasis
GOBP_MATURATION_OF_SSU_RRNA,Proteostasis
GOBP_INTRACELLULAR_RECEPTOR_SIGNALING_PATHWAY,Immune Response
GOBP_EXOCRINE_PANCREAS_DEVELOPMENT,Developmental Biology
GOBP_ENDOCRINE_PANCREAS_DEVELOPMENT,Endocrine System Development
GOBP_NEGATIVE_REGULATION_OF_HISTONE_DEACETYLATION,Epigenetic
GOBP_STRESS_ACTIVATED_PROTEIN_KINASE_SIGNALING_CASCADE,**Oxidative Stress**
GOBP_RRNA_PSEUDOURIDINE_SYNTHESIS,RNA Spliceosome
GOBP_RRNA_3_END_PROCESSING,Proteostasis
GOBP_REGULATION_OF_AXON_DIAMETER,Synapse
GOBP_POST_TRANSLATIONAL_PROTEIN_TARGETING_TO_MEMBRANE_TRANSLOCATION,"Based on the pathway name ""GOBP_POST_TRANSLATIONAL_PROTEIN_TARGETING_TO_MEMBRANE_TRANSLOCATION,"" the most appropriate biodomain to assign would be **Proteostasis**. This is because the process of post-translational protein targeting to membranes is closely related to maintaining protein homeostasis and proper protein localization within the cell."
GOBP_REPLICATION_FORK_PROCESSING,Cell Cycle
GOBP_POSITIVE_REGULATION_OF_CELLULAR_CATABOLIC_PROCESS,Proteostasis
GOBP_NEGATIVE_REGULATION_OF_CELL_KILLING,Immune Response
GOBP_NEGATIVE_REGULATION_OF_DEFENSE_RESPONSE,Immune Response
GOBP_WYBUTOSINE_METABOLIC_PROCESS,"Based on the pathway name ""GOBP_WYBUTOSINE_METABOLIC_PROCESS,"" the most appropriate biodomain would be **Lipid Metabolism**."
GOBP_KILLING_OF_CELLS_OF_ANOTHER_ORGANISM,Immune Response
GOBP_REGULATION_OF_PROTEIN_STABILITY,Proteostasis
GOBP_PROTEIN_DESTABILIZATION,Proteostasis
GOBP_LIPOPOLYSACCHARIDE_MEDIATED_SIGNALING_PATHWAY,Immune Response
GOBP_REGULATION_OF_LIPOPOLYSACCHARIDE_MEDIATED_SIGNALING_PATHWAY,Immune Response
GOBP_NEGATIVE_REGULATION_OF_PROTEIN_AUTOPHOSPHORYLATION,"The pathway ""GOBP_NEGATIVE_REGULATION_OF_PROTEIN_AUTOPHOSPHORYLATION"" can be inferred to belong to the biodomain of **Signal Transduction**. This is because autophosphorylation is a common mechanism in signaling pathways where a protein phosphorylates itself, often in response to a signal, and negative regulation of this process would be involved in modulating the signaling output."
GOBP_ISG15_PROTEIN_CONJUGATION,Immune Response
GOBP_NEGATIVE_REGULATION_OF_NF_KAPPAB_TRANSCRIPTION_FACTOR_ACTIVITY,Apoptosis
GOBP_NEGATIVE_REGULATION_OF_SYNAPTIC_TRANSMISSION_GABAERGIC,Synapse
GOBP_DENSE_CORE_GRANULE_LOCALIZATION,Proteostasis
GOBP_POSITIVE_REGULATION_OF_GONADOTROPIN_SECRETION,Endocrine System
GOBP_REGULATION_OF_INTRACELLULAR_TRANSPORT,Proteostasis
GOBP_NEGATIVE_REGULATION_OF_INTRACELLULAR_TRANSPORT,Proteostasis
GOBP_REGULATION_OF_PHOSPHOLIPASE_A2_ACTIVITY,Lipid Metabolism
GOBP_POSITIVE_REGULATION_OF_PHOSPHOLIPASE_A2_ACTIVITY,Lipid Metabolism
GOBP_POSITIVE_REGULATION_OF_PROTEASOMAL_UBIQUITIN_DEPENDENT_PROTEIN_CATABOLIC_PROCESS,Proteostasis
GOBP_NEGATIVE_REGULATION_OF_TYPE_I_INTERFERON_PRODUCTION,Immune Response
GOBP_MAINTENANCE_OF_PROTEIN_LOCATION_IN_CELL,Proteostasis
GOBP_PROTEIN_EXIT_FROM_ENDOPLASMIC_RETICULUM,Proteostasis
GOBP_PROTEIN_TRANSPORT_WITHIN_LIPID_BILAYER,Lipid Metabolism
GOBP_INTERFERON_ALPHA_PRODUCTION,Immune Response
GOBP_INTERFERON_BETA_PRODUCTION,Immune Response
GOBP_INTERLEUKIN_18_PRODUCTION,Immune Response
GOBP_INTERLEUKIN_23_PRODUCTION,Immune Response
GOBP_NEGATIVE_REGULATION_OF_INTERFERON_BETA_PRODUCTION,Immune Response
GOBP_POSITIVE_REGULATION_OF_INTERLEUKIN_17_PRODUCTION,Immune Response
GOBP_POSITIVE_REGULATION_OF_INTERLEUKIN_18_PRODUCTION,Immune Response
GOBP_POSITIVE_REGULATION_OF_CREB_TRANSCRIPTION_FACTOR_ACTIVITY,Epigenetic
GOBP_REGULATION_OF_NATURAL_KILLER_CELL_ACTIVATION,Immune Response
GOBP_NEGATIVE_REGULATION_OF_NATURAL_KILLER_CELL_ACTIVATION,Immune Response
GOBP_POSITIVE_REGULATION_OF_NATURAL_KILLER_CELL_ACTIVATION,Immune Response
GOBP_REGULATION_OF_SUPEROXIDE_ANION_GENERATION,Oxidative Stress
GOBP_REGULATION_OF_INTRACELLULAR_PROTEIN_TRANSPORT,Proteostasis
GOBP_ADIPONECTIN_ACTIVATED_SIGNALING_PATHWAY,Lipid Metabolism
GOBP_REGULATION_OF_NUCLEAR_CELL_CYCLE_DNA_REPLICATION,Cell Cycle
GOBP_MEIOTIC_CELL_CYCLE_CHECKPOINT_SIGNALING,Cell Cycle
GOBP_MITOTIC_DNA_REPLICATION_CHECKPOINT_SIGNALING,Cell Cycle
GOBP_S_ADENOSYLMETHIONINE_CYCLE,"Based on the pathway name ""GOBP_S_ADENOSYLMETHIONINE_CYCLE,"" the most appropriate biodomain to assign would be **Lipid Metabolism**. This is because the adenosylmethionine cycle is closely related to the metabolism of lipids and the synthesis of various biomolecules, including phospholipids and other lipid derivatives."
GOBP_CARBOHYDRATE_HOMEOSTASIS,Lipid Metabolism
GOBP_UNSATURATED_FATTY_ACID_METABOLIC_PROCESS,Lipid Metabolism
GOBP_REGULATION_OF_NAD_P_H_OXIDASE_ACTIVITY,Oxidative Stress
GOBP_POSITIVE_REGULATION_OF_NAD_P_H_OXIDASE_ACTIVITY,Oxidative Stress
GOBP_PROTEIN_LOCALIZATION_TO_GOLGI_APPARATUS,Proteostasis
GOBP_ESTABLISHMENT_OF_SISTER_CHROMATID_COHESION,Cell Cycle
GOBP_ERYTHROCYTE_HOMEOSTASIS,Immune Response
GOBP_TOLL_LIKE_RECEPTOR_9_SIGNALING_PATHWAY,Immune Response
GOBP_RESPONSE_TO_TYPE_III_INTERFERON,Immune Response
GOBP_LIPID_DROPLET_ORGANIZATION,Lipid Metabolism
GOBP_EARLY_ENDOSOME_TO_GOLGI_TRANSPORT,Endolysosome
GOBP_CENTROMERE_COMPLEX_ASSEMBLY,Cell Cycle
GOBP_CELLULAR_RESPONSE_TO_HEAT,Stress Response
GOBP_CELLULAR_MACROMOLECULE_BIOSYNTHETIC_PROCESS,"Based on the pathway name ""GOBP_CELLULAR_MACROMOLECULE_BIOSYNTHETIC_PROCESS,"" the most appropriate biodomain to assign would be **Proteostasis**. This is because the synthesis of cellular macromolecules, such as proteins and nucleic acids, is closely related to the processes involved in maintaining protein homeostasis and overall cellular function."
GOBP_RESPONSE_TO_ENDOPLASMIC_RETICULUM_STRESS,Proteostasis
GOBP_REGULATION_OF_RHO_PROTEIN_SIGNAL_TRANSDUCTION,Immune Response
GOBP_MIRNA_MEDIATED_GENE_SILENCING_BY_INHIBITION_OF_TRANSLATION,RNA Spliceosome
GOBP_INTRACELLULAR_TRIGLYCERIDE_HOMEOSTASIS,Lipid Metabolism
GOBP_REGULATION_OF_PEROXISOME_PROLIFERATOR_ACTIVATED_RECEPTOR_SIGNALING_PATHWAY,Lipid Metabolism
GOBP_MAINTENANCE_OF_PROTEIN_LOCALIZATION_IN_ENDOPLASMIC_RETICULUM,Proteostasis
GOBP_VESICLE_CARGO_LOADING,"Based on the pathway name ""GOBP_VESICLE_CARGO_LOADING,"" the most appropriate biodomain would be **Proteostasis**. This is because the loading of cargo into vesicles is a critical aspect of maintaining cellular homeostasis and protein quality control, which falls under the broader category of proteostasis."
GOBP_TRIF_DEPENDENT_TOLL_LIKE_RECEPTOR_SIGNALING_PATHWAY,Immune Response
GOBP_REGULATION_OF_URINE_VOLUME,Renal Physiology
GOBP_POSITIVE_REGULATION_OF_URINE_VOLUME,Renal Physiology
GOBP_RENAL_SODIUM_EXCRETION,Renal Physiology
GOBP_HOMOLOGOUS_RECOMBINATION,DNA Repair
GOBP_NAIL_DEVELOPMENT,Developmental Biology
GOBP_ASCENDING_AORTA_DEVELOPMENT,Vasculature
GOBP_DORSAL_AORTA_DEVELOPMENT,Vasculature
GOBP_AORTA_MORPHOGENESIS,Vasculature
GOBP_DORSAL_AORTA_MORPHOGENESIS,Vasculature
GOBP_SKELETAL_MUSCLE_CELL_DIFFERENTIATION,Muscle Development
GOBP_RESPONSE_TO_TOPOLOGICALLY_INCORRECT_PROTEIN,Proteostasis
GOBP_ALPHA_LINOLENIC_ACID_METABOLIC_PROCESS,Lipid Metabolism
GOBP_RNA_GUANINE_N7_METHYLATION,"Based on the pathway name ""GOBP_RNA_GUANINE_N7_METHYLATION,"" the most appropriate biodomain to assign would be **RNA Spliceosome**. This pathway is related to the modification of RNA, specifically the methylation of guanine residues, which is a process involved in RNA processing and splicing."
GOBP_CELLULAR_RESPONSE_TO_INCREASED_OXYGEN_LEVELS,Oxidative Stress
GOBP_RESPONSE_TO_INCREASED_OXYGEN_LEVELS,Oxidative Stress
GOBP_INTERSTRAND_CROSS_LINK_REPAIR,DNA Repair
GOBP_INTESTINAL_STEM_CELL_HOMEOSTASIS,Immune Response
GOBP_SODIUM_ION_EXPORT_ACROSS_PLASMA_MEMBRANE,Metal Binding and Homeostasis
GOBP_IRE1_MEDIATED_UNFOLDED_PROTEIN_RESPONSE,Proteostasis
GOBP_ERAD_PATHWAY,"Based on the pathway name ""GOBP_ERAD_PATHWAY,"" the most appropriate biodomain to assign would be **Proteostasis**. The ERAD (Endoplasmic Reticulum-Associated Degradation) pathway is involved in the quality control of proteins, ensuring that misfolded or unassembled proteins are properly degraded, which is a key aspect of maintaining cellular proteostasis."
GOBP_REGULATION_OF_VIRAL_INDUCED_CYTOPLASMIC_PATTERN_RECOGNITION_RECEPTOR_SIGNALING_PATHWAY,Immune Response
GOBP_NEGATIVE_REGULATION_OF_VIRAL_INDUCED_CYTOPLASMIC_PATTERN_RECOGNITION_RECEPTOR_SIGNALING_PATHWAY,Immune Response
GOBP_VIRAL_RNA_GENOME_REPLICATION,Immune Response
GOBP_REGULATION_OF_GROWTH,Cell Growth and Development
GOBP_SNRNA_MODIFICATION,RNA Spliceosome
GOBP_PROTEIN_REFOLDING,Proteostasis
GOBP_FLUID_TRANSPORT,Lipid Metabolism
GOBP_EPITHELIAL_FLUID_TRANSPORT,Epithelial Transport
GOBP_NEGATIVE_REGULATION_OF_EPIDERMAL_GROWTH_FACTOR_RECEPTOR_SIGNALING_PATHWAY,Immune Response
GOBP_REGULATION_OF_CATECHOLAMINE_METABOLIC_PROCESS,Lipid Metabolism
GOBP_STRAND_INVASION,"Based on the pathway name ""GOBP_STRAND_INVASION,"" the most appropriate biodomain would be **DNA Repair**. This inference is drawn from the context of ""strand invasion,"" which is a process commonly associated with DNA repair mechanisms, particularly in homologous recombination."
GOBP_REGULATION_OF_PROTEIN_CATABOLIC_PROCESS,Proteostasis
GOBP_RIBOSOME_BIOGENESIS,Proteostasis
GOBP_PROTECTION_FROM_NATURAL_KILLER_CELL_MEDIATED_CYTOTOXICITY,Immune Response
GOBP_RIBOSOMAL_SMALL_SUBUNIT_BIOGENESIS,Proteostasis
GOBP_NEGATIVE_REGULATION_OF_PROTEIN_IMPORT_INTO_NUCLEUS,"The pathway ""GOBP_NEGATIVE_REGULATION_OF_PROTEIN_IMPORT_INTO_NUCLEUS"" is related to the regulation of protein transport into the nucleus, which is a critical aspect of cellular processes involving gene expression and protein function. This pathway can be associated with the biodomain of **Proteostasis**, as it involves the regulation of protein localization and import mechanisms that are essential for maintaining cellular homeostasis and proper protein function."
GOBP_DOPAMINE_BIOSYNTHETIC_PROCESS,Synapse
GOBP_MIDDLE_EAR_MORPHOGENESIS,Developmental Biology
GOBP_NEGATIVE_REGULATION_OF_TYROSINE_PHOSPHORYLATION_OF_STAT_PROTEIN,Immune Response
GOBP_ACTIVATION_OF_JANUS_KINASE_ACTIVITY,Immune Response
GOBP_RECEPTOR_METABOLIC_PROCESS,"Based on the pathway name ""GOBP_RECEPTOR_METABOLIC_PROCESS,"" the most appropriate biodomain would be **Lipid Metabolism**. This inference is drawn from the context of receptor metabolism often being associated with lipid-related processes, particularly in the context of membrane receptors and their interactions with lipid molecules."
GOBP_NEGATIVE_REGULATION_OF_I_KAPPAB_KINASE_NF_KAPPAB_SIGNALING,Apoptosis
GOBP_APOPTOTIC_CELL_CLEARANCE,Apoptosis
GOBP_NATURAL_KILLER_CELL_DEGRANULATION,Immune Response
GOBP_STEROID_HORMONE_MEDIATED_SIGNALING_PATHWAY,Lipid Metabolism
GOBP_REGULATION_OF_MAP_KINASE_ACTIVITY,Signal Transduction
GOBP_NEGATIVE_REGULATION_OF_MAP_KINASE_ACTIVITY,Immune Response
GOBP_NEGATIVE_REGULATION_OF_MAPK_CASCADE,Immune Response
GOBP_NEGATIVE_REGULATION_OF_DNA_BINDING_TRANSCRIPTION_FACTOR_ACTIVITY,Epigenetic
GOBP_MITOCHONDRIAL_DNA_REPAIR,Mitochondrial Metabolism
GOBP_REGULATION_OF_JUN_KINASE_ACTIVITY,Immune Response
GOBP_POSITIVE_REGULATION_OF_JUN_KINASE_ACTIVITY,Immune Response
GOBP_NEGATIVE_REGULATION_OF_JUN_KINASE_ACTIVITY,Immune Response
GOBP_PEROXISOMAL_TRANSPORT,Lipid Metabolism
GOBP_AMIDE_METABOLIC_PROCESS,"Based on the pathway name ""GOBP_AMIDE_METABOLIC_PROCESS,"" the most appropriate biodomain would be **Lipid Metabolism**. This is inferred from the context of amide metabolism, which often relates to lipid and fatty acid metabolism processes."
GOBP_LINOLEIC_ACID_METABOLIC_PROCESS,Lipid Metabolism
GOBP_ENGULFMENT_OF_APOPTOTIC_CELL,Autophagy
GOBP_RECOGNITION_OF_APOPTOTIC_CELL,Apoptosis
GOBP_REGULATION_OF_EXCRETION,Excretory System
GOBP_NEGATIVE_REGULATION_OF_MOLECULAR_FUNCTION,"Based on the pathway name ""GOBP_NEGATIVE_REGULATION_OF_MOLECULAR_FUNCTION,"" the most appropriate biodomain would be **Regulation of Biological Processes**. This pathway suggests a focus on the regulatory mechanisms that inhibit or downregulate various molecular functions, which is a broad category that can encompass multiple biological domains."
GOBP_PROTEIN_TRANSMEMBRANE_IMPORT_INTO_INTRACELLULAR_ORGANELLE,"Based on the pathway name ""GOBP_PROTEIN_TRANSMEMBRANE_IMPORT_INTO_INTRACELLULAR_ORGANELLE,"" the most appropriate biodomain would be **Proteostasis**. This pathway likely involves the import of proteins into intracellular organelles, which is a key aspect of maintaining cellular homeostasis and proper protein function within the cell."
GOBP_CELL_CYCLE_DNA_REPLICATION,Cell Cycle
GOBP_MODULATION_BY_HOST_OF_VIRAL_PROCESS,Immune Response
GOBP_POSITIVE_REGULATION_BY_HOST_OF_VIRAL_PROCESS,Immune Response
GOBP_MODULATION_BY_HOST_OF_VIRAL_GENOME_REPLICATION,Immune Response
GOBP_POSITIVE_REGULATION_BY_HOST_OF_VIRAL_GENOME_REPLICATION,Immune Response
GOBP_MODULATION_BY_HOST_OF_VIRAL_RNA_GENOME_REPLICATION,Immune Response
GOBP_CELL_CYCLE_G2_M_PHASE_TRANSITION,Cell Cycle
GOBP_LIPOPROTEIN_LOCALIZATION,Lipid Metabolism
GOBP_DNA_TEMPLATED_DNA_REPLICATION_MAINTENANCE_OF_FIDELITY,DNA Repair
GOBP_GLYCEROLIPID_BIOSYNTHETIC_PROCESS,Lipid Metabolism
GOBP_PROTEIN_INSERTION_INTO_ER_MEMBRANE,Proteostasis
GOBP_PROTEIN_INSERTION_INTO_ER_MEMBRANE_BY_STOP_TRANSFER_MEMBRANE_ANCHOR_SEQUENCE,"Based on the pathway name ""GOBP_PROTEIN_INSERTION_INTO_ER_MEMBRANE_BY_STOP_TRANSFER_MEMBRANE_ANCHOR_SEQUENCE,"" the most appropriate biodomain to assign is **Proteostasis**. This pathway is related to the process of protein insertion into the endoplasmic reticulum (ER) membrane, which is a key aspect of maintaining protein homeostasis within the cell."
GOBP_POSITIVE_THYMIC_T_CELL_SELECTION,Immune Response
GOBP_INTEGRIN_BIOSYNTHETIC_PROCESS,"Based on the pathway name ""GOBP_INTEGRIN_BIOSYNTHETIC_PROCESS,"" the most appropriate biodomain to assign would be **Structural Stabilization**. Integrins are cell adhesion molecules that play a crucial role in maintaining the structural integrity of tissues and facilitating cell-cell and cell-matrix interactions."
GOBP_MEIOTIC_CHROMOSOME_SEGREGATION,Cell Cycle
GOBP_APICAL_PROTEIN_LOCALIZATION,"Based on the pathway name ""GOBP_APICAL_PROTEIN_LOCALIZATION,"" the most appropriate biodomain to assign would be **Structural Stabilization**. This is because apical protein localization is often related to the organization and stabilization of cellular structures, particularly in epithelial cells where apical-basal polarity is crucial for function."
GOBP_MAINTENANCE_OF_PROTEIN_LOCATION,Proteostasis
GOBP_MHC_CLASS_I_BIOSYNTHETIC_PROCESS,Immune Response
GOBP_POSITIVE_REGULATION_OF_MHC_CLASS_I_BIOSYNTHETIC_PROCESS,Immune Response
GOBP_REGULATION_OF_GAMMA_DELTA_T_CELL_DIFFERENTIATION,Immune Response
GOBP_REGULATION_OF_MEGAKARYOCYTE_DIFFERENTIATION,Immune Response
GOBP_POSITIVE_REGULATION_OF_MEGAKARYOCYTE_DIFFERENTIATION,Immune Response
GOBP_RESPIRATORY_BURST,Immune Response
GOBP_POSITIVE_REGULATION_OF_PROTEIN_CATABOLIC_PROCESS,Proteostasis
GOBP_NEGATIVE_REGULATION_OF_INNATE_IMMUNE_RESPONSE,Immune Response
GOBP_NEGATIVE_REGULATION_OF_MEIOTIC_NUCLEAR_DIVISION,Cell Cycle
GOBP_NEGATIVE_REGULATION_OF_GROWTH,Cell Cycle
GOBP_POSITIVE_REGULATION_OF_NATURAL_KILLER_CELL_MEDIATED_CYTOTOXICITY,Immune Response
GOBP_POSITIVE_REGULATION_OF_STRIATED_MUSCLE_CONTRACTION,Vasculature
GOBP_ADENOSINE_METABOLIC_PROCESS,Lipid Metabolism
GOBP_INOSINE_METABOLIC_PROCESS,"Based on the pathway name ""GOBP_INOSINE_METABOLIC_PROCESS,"" the most appropriate biodomain to assign would be **Lipid Metabolism**."
GOBP_PURINE_RIBONUCLEOSIDE_CATABOLIC_PROCESS,Cell Cycle
GOBP_REGULATION_OF_GLUCOSE_IMPORT,Metabolism
GOBP_REGULATION_OF_JNK_CASCADE,Immune Response
GOBP_POSITIVE_REGULATION_OF_JNK_CASCADE,Immune Response
GOBP_NEGATIVE_REGULATION_OF_RECEPTOR_SIGNALING_PATHWAY_VIA_JAK_STAT,Immune Response
GOBP_ICOSANOID_BIOSYNTHETIC_PROCESS,Lipid Metabolism
GOBP_PROSTANOID_BIOSYNTHETIC_PROCESS,Lipid Metabolism
GOBP_PHOSPHATIDYLCHOLINE_METABOLIC_PROCESS,Lipid Metabolism
GOBP_GLYCEROPHOSPHOLIPID_BIOSYNTHETIC_PROCESS,Lipid Metabolism
GOBP_PHOSPHATIDYLINOSITOL_METABOLIC_PROCESS,Lipid Metabolism
GOBP_REGULATION_OF_PROTEIN_EXPORT_FROM_NUCLEUS,Proteostasis
GOBP_REGULATION_OF_MITOCHONDRIAL_MEMBRANE_PERMEABILITY,Mitochondrial Metabolism
GOBP_GOLGI_VESICLE_TRANSPORT,Proteostasis
GOBP_GOLGI_VESICLE_BUDDING,Proteostasis
GOBP_VESICLE_TARGETING_TO_FROM_OR_WITHIN_GOLGI,Proteostasis
GOBP_VESICLE_TARGETING_ROUGH_ER_TO_CIS_GOLGI,Proteostasis
GOBP_GOLGI_VESICLE_FUSION_TO_TARGET_MEMBRANE,"Based on the pathway name ""GOBP_GOLGI_VESICLE_FUSION_TO_TARGET_MEMBRANE,"" the most appropriate biodomain to assign would be **Proteostasis**. This is because the process of vesicle fusion to the target membrane, particularly in the context of the Golgi apparatus, is closely related to protein processing, trafficking, and overall cellular homeostasis, which are key aspects of proteostasis."
GOBP_NEGATIVE_REGULATION_OF_RECEPTOR_MEDIATED_ENDOCYTOSIS,Endolysosome
GOBP_VESICLE_FUSION_WITH_GOLGI_APPARATUS,"Based on the pathway name ""GOBP_VESICLE_FUSION_WITH_GOLGI_APPARATUS,"" the most appropriate biodomain to assign would be **Proteostasis**. This is because vesicle fusion with the Golgi apparatus is a critical process in the maintenance of protein homeostasis and trafficking within the cell, which falls under the broader category of proteostasis."
GOBP_HEMATOPOIETIC_OR_LYMPHOID_ORGAN_DEVELOPMENT,Immune Response
GOBP_PIGMENT_GRANULE_MATURATION,Lipid Metabolism
GOBP_OTOLITH_DEVELOPMENT,Developmental Biology
GOBP_FOREBRAIN_MORPHOGENESIS,Neurodevelopment
GOBP_FORMATION_OF_ANATOMICAL_BOUNDARY,Structural Stabilization
GOBP_AMYLOID_BETA_METABOLIC_PROCESS,APP Metabolism
GOBP_NEGATIVE_REGULATION_OF_DEFENSE_RESPONSE_TO_VIRUS,Immune Response
GOBP_NEGATIVE_REGULATION_OF_PHAGOCYTOSIS,Immune Response
GOBP_PROTEIN_STABILIZATION,Proteostasis
GOBP_WHITE_FAT_CELL_DIFFERENTIATION,Lipid Metabolism
GOBP_LEUKOCYTE_TETHERING_OR_ROLLING,Immune Response
GOBP_MICROTUBULE_SEVERING,Structural Stabilization
GOBP_REGULATION_OF_MEMBRANE_PROTEIN_ECTODOMAIN_PROTEOLYSIS,"Based on the pathway name ""GOBP_REGULATION_OF_MEMBRANE_PROTEIN_ECTODOMAIN_PROTEOLYSIS,"" the most appropriate biodomain to assign would be **Proteostasis**. This is because the regulation of proteolysis, particularly in the context of membrane proteins, is closely related to the maintenance of protein homeostasis within the cell."
GOBP_NEGATIVE_REGULATION_OF_MEMBRANE_PROTEIN_ECTODOMAIN_PROTEOLYSIS,"Based on the pathway name ""GOBP_NEGATIVE_REGULATION_OF_MEMBRANE_PROTEIN_ECTODOMAIN_PROTEOLYSIS,"" the most appropriate biodomain to assign would be **Proteostasis**. This is because the regulation of proteolysis, particularly in the context of membrane proteins, is closely related to maintaining protein homeostasis within the cell."
GOBP_CHAPERONE_COFACTOR_DEPENDENT_PROTEIN_REFOLDING,Proteostasis
GOBP_HEPOXILIN_METABOLIC_PROCESS,"Based on the pathway name ""GOBP_HEPOXILIN_METABOLIC_PROCESS,"" the most appropriate biodomain would be **Lipid Metabolism**. This is inferred from the context of ""metabolic process"" which typically relates to the metabolism of lipids, particularly in the case of hepoxilins, which are bioactive lipids derived from arachidonic acid."
GOBP_POSITIVE_REGULATION_OF_ACTIN_NUCLEATION,Structural Stabilization
GOBP_CHAPERONE_MEDIATED_PROTEIN_COMPLEX_ASSEMBLY,Proteostasis
GOBP_NK_T_CELL_ACTIVATION,Immune Response
GOBP_PROTEIN_INSERTION_INTO_MEMBRANE,"Based on the pathway name ""GOBP_PROTEIN_INSERTION_INTO_MEMBRANE,"" the most appropriate biodomain to assign would be **Proteostasis**. This is because protein insertion into membranes is a critical aspect of maintaining proper protein function and cellular homeostasis, which falls under the broader category of proteostasis."
GOBP_MAINTENANCE_OF_LOCATION,"Based on the pathway name ""GOBP_MAINTENANCE_OF_LOCATION,"" the most appropriate biodomain would be **Proteostasis**. This is because the maintenance of location often involves processes related to protein localization and stability within the cell, which are key aspects of proteostasis."
GOBP_POSITIVE_REGULATION_OF_OXIDOREDUCTASE_ACTIVITY,Oxidative Stress
GOBP_KINETOCHORE_ASSEMBLY,Cell Cycle
GOBP_KINETOCHORE_ORGANIZATION,Cell Cycle
GOBP_REGULATION_OF_NEUROTROPHIN_TRK_RECEPTOR_SIGNALING_PATHWAY,Synapse
GOBP_REGULATION_OF_CYTOSOLIC_CALCIUM_ION_CONCENTRATION,Synapse
GOBP_POSITIVE_REGULATION_OF_MITOCHONDRIAL_CALCIUM_ION_CONCENTRATION,Mitochondrial Metabolism
GOBP_POSITIVE_REGULATION_OF_HISTONE_H3_K9_METHYLATION,Epigenetic
GOBP_RESPONSE_TO_CAMP,Immune Response
GOBP_PROTEOLYSIS_INVOLVED_IN_PROTEIN_CATABOLIC_PROCESS,Proteostasis
GOBP_NOREPINEPHRINE_UPTAKE,Synapse
GOBP_MAINTENANCE_OF_LOCATION_IN_CELL,Proteostasis
GOBP_MAINTENANCE_OF_CENTROSOME_LOCATION,Cell Cycle
GOBP_PROTEIN_DELIPIDATION,Lipid Metabolism
GOBP_BIOLOGICAL_PROCESS_INVOLVED_IN_INTERACTION_WITH_SYMBIONT,Immune Response
GOBP_RESPONSE_TO_MISFOLDED_PROTEIN,Proteostasis
GOBP_MODULATION_BY_HOST_OF_SYMBIONT_PROCESS,Immune Response
GOBP_NEGATIVE_REGULATION_OF_PROTEIN_KINASE_B_SIGNALING,Immune Response
GOBP_ESTABLISHMENT_OF_PIGMENT_GRANULE_LOCALIZATION,Lipid Metabolism
GOBP_CATECHOLAMINE_UPTAKE_INVOLVED_IN_SYNAPTIC_TRANSMISSION,Synapse
GOBP_GLUTAMATE_REUPTAKE,Synapse
GOBP_POSITIVE_REGULATION_OF_TELOMERASE_ACTIVITY,Epigenetic
GOBP_POSITIVE_REGULATION_OF_CHROMOSOME_SEGREGATION,Cell Cycle
GOBP_ASYMMETRIC_NEUROBLAST_DIVISION,Developmental Biology
GOBP_SODIUM_ION_HOMEOSTASIS,Metal Binding and Homeostasis
GOBP_SERTOLI_CELL_PROLIFERATION,Immune Response
GOBP_BERGMANN_GLIAL_CELL_DIFFERENTIATION,Immune Response
GOBP_CONVERGENT_EXTENSION,"Based on the pathway name ""GOBP_CONVERGENT_EXTENSION,"" the most appropriate biodomain would be **Synapse**. This pathway likely relates to processes involved in synaptic development and function, which aligns with the characteristics of synaptic connections and their extensions."
GOBP_CONVERGENT_EXTENSION_INVOLVED_IN_GASTRULATION,"Based on the pathway name ""GOBP_CONVERGENT_EXTENSION_INVOLVED_IN_GASTRULATION,"" the most appropriate biodomain to assign would be **Developmental Biology**. This pathway is related to the processes involved in the development and morphogenesis during gastrulation, which is a critical phase in embryonic development."
GOBP_CONVERGENT_EXTENSION_INVOLVED_IN_ORGANOGENESIS,"Based on the pathway name ""GOBP_CONVERGENT_EXTENSION_INVOLVED_IN_ORGANOGENESIS,"" the most appropriate biodomain to assign would be **Developmental Biology**. This pathway suggests a role in the processes involved in organ development and morphogenesis, which are key aspects of developmental biology."
GOBP_REGULATION_OF_SYNCYTIUM_FORMATION_BY_PLASMA_MEMBRANE_FUSION,Immune Response
GOBP_REGULATION_OF_GLIAL_CELL_PROLIFERATION,Immune Response
GOBP_REGULATION_OF_RESPIRATORY_BURST,Immune Response
GOBP_CARDIAC_EPITHELIAL_TO_MESENCHYMAL_TRANSITION,Cardiac Development
GOBP_BRONCHUS_DEVELOPMENT,Developmental Biology
GOBP_POSITIVE_REGULATION_OF_CARDIAC_MUSCLE_CONTRACTION,Vasculature
GOBP_REGULATION_OF_CHROMOSOME_CONDENSATION,Cell Cycle
GOBP_PLACENTA_BLOOD_VESSEL_DEVELOPMENT,Vasculature
GOBP_BRANCH_ELONGATION_INVOLVED_IN_URETERIC_BUD_BRANCHING,Developmental Biology
GOBP_LABYRINTHINE_LAYER_BLOOD_VESSEL_DEVELOPMENT,Vasculature
GOBP_BLOOD_VESSEL_ENDOTHELIAL_CELL_DIFFERENTIATION,Vasculature
GOBP_ARTERIAL_ENDOTHELIAL_CELL_DIFFERENTIATION,Vasculature
GOBP_ESTABLISHMENT_OF_BLOOD_BRAIN_BARRIER,Vasculature
GOBP_CHAPERONE_MEDIATED_PROTEIN_FOLDING,Proteostasis
GOBP_REGULATION_OF_PROTEASOMAL_PROTEIN_CATABOLIC_PROCESS,Proteostasis
GOBP_ESTABLISHMENT_OR_MAINTENANCE_OF_BIPOLAR_CELL_POLARITY,"The pathway ""GOBP_ESTABLISHMENT_OR_MAINTENANCE_OF_BIPOLAR_CELL_POLARITY"" is related to the organization and maintenance of cellular structures, particularly in the context of neuronal cells, which often exhibit bipolar polarity. This is crucial for proper neuronal function and signaling.

Based on the context and the nature of the pathway, the most appropriate biodomain for this pathway would be **Synapse**."
GOBP_NOTCH_SIGNALING_INVOLVED_IN_HEART_DEVELOPMENT,Cardiovascular Development
GOBP_CHAPERONE_MEDIATED_AUTOPHAGY,Autophagy
GOBP_SELECTIVE_AUTOPHAGY,Autophagy
GOBP_PROCESS_UTILIZING_AUTOPHAGIC_MECHANISM,Autophagy
GOBP_MEIOSIS_I_CELL_CYCLE_PROCESS,Cell Cycle
GOBP_INTRACELLULAR_PROTEIN_TRANSMEMBRANE_TRANSPORT,"Based on the pathway name ""GOBP_INTRACELLULAR_PROTEIN_TRANSMEMBRANE_TRANSPORT,"" the most appropriate biodomain to assign would be **Proteostasis**. This is because the pathway involves the transport of proteins across membranes, which is a critical aspect of maintaining cellular protein homeostasis and function."
GOBP_CHROMOSOME_ORGANIZATION_INVOLVED_IN_MEIOTIC_CELL_CYCLE,Cell Cycle
GOBP_REGULATION_OF_STRESS_ACTIVATED_PROTEIN_KINASE_SIGNALING_CASCADE,**Stress Response**
GOBP_LENS_FIBER_CELL_DIFFERENTIATION,Eye Development
GOBP_HISTONE_H2A_K63_LINKED_DEUBIQUITINATION,Proteostasis
GOBP_POSITIVE_REGULATION_OF_VITAMIN_D_RECEPTOR_SIGNALING_PATHWAY,Lipid Metabolism
GOBP_RESPONSE_TO_INTERLEUKIN_2,Immune Response
GOBP_PHOSPHORYLATION_OF_RNA_POLYMERASE_II_C_TERMINAL_DOMAIN,**RNA Spliceosome**
GOBP_REGULATION_OF_PROTEIN_EXIT_FROM_ENDOPLASMIC_RETICULUM,Proteostasis
GOBP_POSITIVE_REGULATION_OF_PROTEIN_EXIT_FROM_ENDOPLASMIC_RETICULUM,Proteostasis
GOBP_PROTEIN_LOCALIZATION_TO_ENDOPLASMIC_RETICULUM,Proteostasis
GOBP_DNA_CONFORMATION_CHANGE,DNA Repair
GOBP_RESOLUTION_OF_RECOMBINATION_INTERMEDIATES,DNA Repair
GOBP_RIBONUCLEOPROTEIN_COMPLEX_LOCALIZATION,"Based on the pathway name ""GOBP_RIBONUCLEOPROTEIN_COMPLEX_LOCALIZATION,"" the most appropriate biodomain to assign would be **Proteostasis**. This is because ribonucleoprotein complexes are involved in various aspects of RNA processing and localization, which are critical for maintaining cellular homeostasis and protein quality control."
GOBP_CELLULAR_RESPONSE_TO_ELECTRICAL_STIMULUS,Synapse
GOBP_CELLULAR_RESPONSE_TO_LITHIUM_ION,**Lipid Metabolism**
GOBP_CELLULAR_RESPONSE_TO_CGMP,Signal Transduction
GOBP_CELLULAR_RESPONSE_TO_STEROID_HORMONE_STIMULUS,Lipid Metabolism
GOBP_CELLULAR_RESPONSE_TO_ESTRADIOL_STIMULUS,Lipid Metabolism
GOBP_CELLULAR_RESPONSE_TO_TESTOSTERONE_STIMULUS,Lipid Metabolism
GOBP_REGULATION_OF_HISTONE_H3_K14_ACETYLATION,Epigenetic
GOBP_PROTEIN_LOCALIZATION_TO_CHROMOSOME_CENTROMERIC_REGION,Epigenetic
GOBP_CELLULAR_RESPONSE_TO_ACIDIC_PH,"The pathway ""GOBP_CELLULAR_RESPONSE_TO_ACIDIC_PH"" is related to the cellular response mechanisms that occur in response to acidic pH conditions. This typically involves processes such as cellular adaptation, signaling pathways, and metabolic adjustments to maintain homeostasis under acidic conditions.

Based on the context of the pathway, the most appropriate biodomain for ""GOBP_CELLULAR_RESPONSE_TO_ACIDIC_PH"" would be:

**Acid-Base Homeostasis**"
GOBP_CELLULAR_RESPONSE_TO_STEROL_DEPLETION,Lipid Metabolism
GOBP_ECTODERMAL_PLACODE_DEVELOPMENT,Developmental Biology
GOBP_PROTEIN_TRANSMEMBRANE_TRANSPORT,Proteostasis
GOBP_TAIL_ANCHORED_MEMBRANE_PROTEIN_INSERTION_INTO_ER_MEMBRANE,"Based on the pathway name ""GOBP_TAIL_ANCHORED_MEMBRANE_PROTEIN_INSERTION_INTO_ER_MEMBRANE,"" the most appropriate biodomain to assign would be **Proteostasis**. This is because the process involves the insertion of membrane proteins into the endoplasmic reticulum (ER), which is a critical aspect of maintaining protein homeostasis within the cell."
GOBP_NEGATIVE_REGULATION_OF_PROTEIN_SERINE_THREONINE_KINASE_ACTIVITY,Proteostasis
GOBP_MAINTENANCE_OF_PROTEIN_LOCALIZATION_IN_ORGANELLE,Proteostasis
GOBP_ESTABLISHMENT_OF_PROTEIN_LOCALIZATION_TO_ENDOPLASMIC_RETICULUM,Proteostasis
GOBP_MAINTENANCE_OF_PROTEIN_LOCATION_IN_MITOCHONDRION,Mitochondrial Metabolism
GOBP_T_CELL_EXTRAVASATION,Immune Response
GOBP_PROTEIN_K6_LINKED_UBIQUITINATION,Proteostasis
GOBP_ENDOTHELIN_RECEPTOR_SIGNALING_PATHWAY,Immune Response
GOBP_REGULATION_OF_PROTEIN_DEUBIQUITINATION,Proteostasis
GOBP_COPII_COATED_VESICLE_BUDDING,Proteostasis
GOBP_C_5_METHYLATION_OF_CYTOSINE,Epigenetic
GOBP_ESTABLISHMENT_OF_EPITHELIAL_CELL_POLARITY,Structural Stabilization
GOBP_ESTABLISHMENT_OF_PLANAR_POLARITY_INVOLVED_IN_NEURAL_TUBE_CLOSURE,Neural Development
GOBP_POSITIVE_REGULATION_OF_TRIGLYCERIDE_METABOLIC_PROCESS,Lipid Metabolism
GOBP_REGULATION_OF_METAPHASE_PLATE_CONGRESSION,Cell Cycle
GOBP_POSITIVE_REGULATION_OF_HISTONE_H4_ACETYLATION,Epigenetic
GOBP_NEGATIVE_REGULATION_OF_HISTONE_H4_ACETYLATION,Epigenetic
GOBP_POSITIVE_REGULATION_OF_INCLUSION_BODY_ASSEMBLY,"Based on the pathway name ""GOBP_POSITIVE_REGULATION_OF_INCLUSION_BODY_ASSEMBLY,"" the most appropriate biodomain would be **Proteostasis**. This is because inclusion bodies are often related to the aggregation of proteins, and their assembly and regulation are closely tied to the mechanisms of protein homeostasis and quality control within the cell."
GOBP_NEGATIVE_REGULATION_OF_CALCIUM_ION_IMPORT,Calcium Homeostasis
GOBP_REGULATION_OF_OSTEOCLAST_PROLIFERATION,Immune Response
GOBP_POSITIVE_REGULATION_OF_INTRACELLULAR_PROTEIN_TRANSPORT,Proteostasis
GOBP_NEGATIVE_REGULATION_OF_INTRACELLULAR_PROTEIN_TRANSPORT,Proteostasis
GOBP_REGULATION_OF_DNA_TEMPLATED_DNA_REPLICATION,Cell Cycle
GOBP_STRESS_INDUCED_PREMATURE_SENESCENCE,Oxidative Stress
GOBP_INTRACELLULAR_GLUTAMATE_HOMEOSTASIS,Synapse
GOBP_REGULATION_OF_MEMBRANE_PERMEABILITY,Membrane Dynamics
GOBP_TELOMERIC_LOOP_DISASSEMBLY,DNA Repair
GOBP_ENDOTHELIAL_CELL_MATRIX_ADHESION,Structural Stabilization
GOBP_RESPONSE_TO_THYROID_HORMONE,Lipid Metabolism
GOBP_CELLULAR_RESPONSE_TO_THYROID_HORMONE_STIMULUS,Lipid Metabolism
GOBP_VASCULAR_ASSOCIATED_SMOOTH_MUSCLE_CELL_DEVELOPMENT,Vasculature
GOBP_EPOXIDE_METABOLIC_PROCESS,Lipid Metabolism
GOBP_NEGATIVE_REGULATION_OF_TRANSCRIPTION_FROM_RNA_POLYMERASE_II_PROMOTER_IN_RESPONSE_TO_STRESS,Epigenetic
GOBP_RENAL_TUBULAR_SECRETION,Renal Physiology
GOBP_MITOCHONDRIAL_OUTER_MEMBRANE_PERMEABILIZATION,Apoptosis
GOBP_RECEPTOR_SIGNALING_PATHWAY_VIA_STAT,Immune Response
GOBP_RESPONSE_TO_INTERLEUKIN_7,Immune Response
GOBP_RESPONSE_TO_MITOCHONDRIAL_DEPOLARISATION,Mitochondrial Metabolism
GOBP_REGULATION_OF_RENAL_SYSTEM_PROCESS,Renal System Regulation
GOBP_VESICLE_MEDIATED_TRANSPORT_BETWEEN_ENDOSOMAL_COMPARTMENTS,Endolysosome
GOBP_REGULATION_OF_PRESYNAPTIC_CYTOSOLIC_CALCIUM_ION_CONCENTRATION,Synapse
GOBP_PROTEIN_LOCALIZATION_TO_AXON,Synapse
GOBP_NEGATIVE_REGULATION_OF_PLASMA_MEMBRANE_BOUNDED_CELL_PROJECTION_ASSEMBLY,"Based on the pathway name ""GOBP_NEGATIVE_REGULATION_OF_PLASMA_MEMBRANE_BOUNDED_CELL_PROJECTION_ASSEMBLY,"" the most appropriate biodomain would be **Structural Stabilization**. This is because the assembly of plasma membrane-bounded cell projections, such as filopodia or lamellipodia, is closely related to the structural integrity and stabilization of cellular structures."
GOBP_NEGATIVE_REGULATION_OF_COLD_INDUCED_THERMOGENESIS,Thermoregulation
GOBP_DENDRITE_ARBORIZATION,Synapse
GOBP_INTEGRATED_STRESS_RESPONSE_SIGNALING,Oxidative Stress
GOBP_AMYLOID_BETA_CLEARANCE_BY_TRANSCYTOSIS,APP Metabolism
GOBP_POSITIVE_REGULATION_OF_CYTOKINE_PRODUCTION_INVOLVED_IN_INFLAMMATORY_RESPONSE,Immune Response
GOBP_POSITIVE_REGULATION_OF_CELLULAR_RESPONSE_TO_INSULIN_STIMULUS,Lipid Metabolism
GOBP_REGULATION_OF_ENDOPLASMIC_RETICULUM_UNFOLDED_PROTEIN_RESPONSE,Proteostasis
GOBP_REGULATION_OF_RECEPTOR_BINDING,Immune Response
GOBP_REGULATION_OF_PHENOTYPIC_SWITCHING,Immune Response
GOBP_REGULATION_OF_DNA_DIRECTED_DNA_POLYMERASE_ACTIVITY,Cell Cycle
GOBP_REGULATION_OF_MITOCHONDRIAL_OUTER_MEMBRANE_PERMEABILIZATION_INVOLVED_IN_APOPTOTIC_SIGNALING_PATHWAY,Apoptosis
GOBP_NEGATIVE_REGULATION_OF_MITOCHONDRIAL_OUTER_MEMBRANE_PERMEABILIZATION_INVOLVED_IN_APOPTOTIC_SIGNALING_PATHWAY,Apoptosis
GOBP_NEGATIVE_REGULATION_OF_NIK_NF_KAPPAB_SIGNALING,Immune Response
GOBP_SUCCINYL_COA_CATABOLIC_PROCESS,Mitochondrial Metabolism
GOBP_ORGANONITROGEN_COMPOUND_CATABOLIC_PROCESS,Lipid Metabolism
GOBP_POSITIVE_REGULATION_OF_SIGNAL_TRANSDUCTION_BY_P53_CLASS_MEDIATOR,Apoptosis
GOBP_NEGATIVE_REGULATION_OF_PROTEASOMAL_PROTEIN_CATABOLIC_PROCESS,Proteostasis
GOBP_POSITIVE_REGULATION_OF_PROTEASOMAL_PROTEIN_CATABOLIC_PROCESS,Proteostasis
GOBP_REGULATION_OF_CELL_CYCLE_CHECKPOINT,Cell Cycle
GOBP_NEGATIVE_REGULATION_OF_CELL_CYCLE_CHECKPOINT,Cell Cycle
GOBP_TOXIN_TRANSPORT,Endolysosome
GOBP_REGULATION_OF_OXIDATIVE_STRESS_INDUCED_INTRINSIC_APOPTOTIC_SIGNALING_PATHWAY,Apoptosis
GOBP_REGULATION_OF_ENDOPLASMIC_RETICULUM_STRESS_INDUCED_INTRINSIC_APOPTOTIC_SIGNALING_PATHWAY,Apoptosis
GOBP_NEGATIVE_REGULATION_OF_ENDOPLASMIC_RETICULUM_STRESS_INDUCED_INTRINSIC_APOPTOTIC_SIGNALING_PATHWAY,Apoptosis
GOBP_POSITIVE_REGULATION_OF_INTRINSIC_APOPTOTIC_SIGNALING_PATHWAY_BY_P53_CLASS_MEDIATOR,Apoptosis
GOBP_CELL_CYCLE_DNA_REPLICATION_INITIATION,Cell Cycle
GOBP_REGULATION_OF_MRNA_BINDING,RNA Spliceosome
GOBP_REGULATION_OF_PROTEIN_AUTOUBIQUITINATION,Proteostasis
GOBP_NEGATIVE_REGULATION_OF_INTRACELLULAR_SIGNAL_TRANSDUCTION,Immune Response
GOBP_NEGATIVE_REGULATION_OF_CELLULAR_RESPONSE_TO_VASCULAR_ENDOTHELIAL_GROWTH_FACTOR_STIMULUS,Vasculature
GOBP_MITOCHONDRIAL_OUTER_MEMBRANE_PERMEABILIZATION_INVOLVED_IN_PROGRAMMED_CELL_DEATH,Apoptosis
GOBP_NEGATIVE_REGULATION_OF_CHONDROCYTE_PROLIFERATION,Immune Response
GOBP_REGULATION_OF_CELL_CYCLE_G2_M_PHASE_TRANSITION,Cell Cycle
GOBP_REGULATION_OF_MITOCHONDRIAL_ELECTRON_TRANSPORT_NADH_TO_UBIQUINONE,Mitochondrial Metabolism
GOBP_MITOTIC_DNA_REPLICATION,Cell Cycle
GOBP_POSITIVE_REGULATION_OF_PROTEIN_DEUBIQUITINATION,Proteostasis
GOBP_ORGANELLE_DISASSEMBLY,Proteostasis
GOBP_REGULATION_OF_PROTEOLYSIS_INVOLVED_IN_PROTEIN_CATABOLIC_PROCESS,Proteostasis
GOBP_NEGATIVE_REGULATION_OF_PROTEOLYSIS_INVOLVED_IN_PROTEIN_CATABOLIC_PROCESS,Proteostasis
GOBP_POSITIVE_REGULATION_OF_PROTEOLYSIS_INVOLVED_IN_PROTEIN_CATABOLIC_PROCESS,Proteostasis
GOBP_POSITIVE_REGULATION_OF_ER_ASSOCIATED_UBIQUITIN_DEPENDENT_PROTEIN_CATABOLIC_PROCESS,Proteostasis
GOBP_PROTEIN_LOCALIZATION_TO_CONDENSED_CHROMOSOME,Epigenetic
GOBP_REGULATION_OF_TRAIL_ACTIVATED_APOPTOTIC_SIGNALING_PATHWAY,Apoptosis
GOBP_LIPOSACCHARIDE_METABOLIC_PROCESS,Lipid Metabolism
GOBP_ENDOPLASMIC_RETICULUM_TO_CYTOSOL_TRANSPORT,Proteostasis
GOBP_NEGATIVE_REGULATION_OF_RESPONSE_TO_ENDOPLASMIC_RETICULUM_STRESS,Proteostasis
GOBP_NEGATIVE_REGULATION_OF_P38MAPK_CASCADE,Immune Response
GOBP_REGULATION_OF_AMINO_ACID_TRANSMEMBRANE_TRANSPORT,"Based on the pathway name ""GOBP_REGULATION_OF_AMINO_ACID_TRANSMEMBRANE_TRANSPORT,"" the most appropriate biodomain would be **Lipid Metabolism**. This is because amino acid transport across membranes often involves lipid-based mechanisms and is closely related to the metabolism of lipids and membrane dynamics."
GOBP_REGULATION_OF_IRE1_MEDIATED_UNFOLDED_PROTEIN_RESPONSE,Proteostasis
GOBP_REGULATION_OF_PERK_MEDIATED_UNFOLDED_PROTEIN_RESPONSE,Proteostasis
GOBP_NEGATIVE_REGULATION_OF_PERK_MEDIATED_UNFOLDED_PROTEIN_RESPONSE,Proteostasis
GOBP_NEGATIVE_REGULATION_OF_ENDOPLASMIC_RETICULUM_STRESS_INDUCED_EIF2_ALPHA_PHOSPHORYLATION,"Based on the pathway name ""GOBP_NEGATIVE_REGULATION_OF_ENDOPLASMIC_RETICULUM_STRESS_INDUCED_EIF2_ALPHA_PHOSPHORYLATION,"" the most appropriate biodomain is **Proteostasis**. This pathway is related to the regulation of the endoplasmic reticulum stress response, which is a key aspect of maintaining protein homeostasis within the cell."
GOBP_REGULATION_OF_DNA_PRIMASE_ACTIVITY,Cell Cycle
GOBP_REGULATION_OF_HEPATOCYTE_APOPTOTIC_PROCESS,Apoptosis
GOBP_REGULATION_OF_RETROGRADE_PROTEIN_TRANSPORT_ER_TO_CYTOSOL,Proteostasis
GOBP_REGULATION_OF_ERAD_PATHWAY,Proteostasis
GOBP_POSITIVE_REGULATION_OF_TELOMERASE_RNA_LOCALIZATION_TO_CAJAL_BODY,Epigenetic
GOBP_REGULATION_OF_RECEPTOR_SIGNALING_PATHWAY_VIA_STAT,Immune Response
GOBP_NEGATIVE_REGULATION_OF_RECEPTOR_SIGNALING_PATHWAY_VIA_STAT,Immune Response
GOBP_POSITIVE_REGULATION_OF_ENDOTHELIAL_CELL_MATRIX_ADHESION_VIA_FIBRONECTIN,Vasculature
GOBP_REGULATION_OF_AUTOPHAGY_OF_MITOCHONDRION_IN_RESPONSE_TO_MITOCHONDRIAL_DEPOLARIZATION,Autophagy
GOBP_REGULATION_OF_METALLOPEPTIDASE_ACTIVITY,Metal Binding and Homeostasis
GOBP_NEGATIVE_REGULATION_OF_METALLOPEPTIDASE_ACTIVITY,Metal Binding and Homeostasis
GOBP_POSITIVE_REGULATION_OF_RNA_BINDING,RNA Spliceosome
GOBP_POSITIVE_REGULATION_OF_ASPARTIC_TYPE_PEPTIDASE_ACTIVITY,Proteostasis
GOBP_REGULATION_OF_SNRNA_TRANSCRIPTION_BY_RNA_POLYMERASE_II,RNA Spliceosome
GOBP_REGULATION_OF_LYMPHOID_PROGENITOR_CELL_DIFFERENTIATION,Immune Response
GOBP_NEGATIVE_REGULATION_OF_MEMBRANE_PERMEABILITY,Lipid Metabolism
GOBP_POSITIVE_REGULATION_OF_MEMBRANE_PERMEABILITY,Lipid Metabolism
GOBP_POSITIVE_REGULATION_OF_CHROMOSOME_CONDENSATION,Cell Cycle
GOBP_REGULATION_OF_3_UTR_MEDIATED_MRNA_STABILIZATION,"Based on the pathway name ""GOBP_REGULATION_OF_3_UTR_MEDIATED_MRNA_STABILIZATION,"" the most appropriate biodomain to assign would be **RNA Spliceosome**. This pathway is related to the regulation of mRNA stability, which is closely associated with RNA processing and splicing mechanisms."
GOBP_REGULATION_OF_RESPONSE_TO_ENDOPLASMIC_RETICULUM_STRESS,Proteostasis
GOBP_REGULATION_OF_AMYLOID_FIBRIL_FORMATION,APP Metabolism
GOBP_INTRINSIC_APOPTOTIC_SIGNALING_PATHWAY_IN_RESPONSE_TO_HYPOXIA,Apoptosis
GOBP_EMBRYONIC_BRAIN_DEVELOPMENT,Neurodevelopment
GOBP_MITOCHONDRIAL_TRANSMEMBRANE_TRANSPORT,Mitochondrial Metabolism
GOBP_PROTEIN_POLYUFMYLATION,Proteostasis
GOBP_PRESYNAPTIC_ACTIVE_ZONE_ORGANIZATION,Synapse
GOBP_DORSAL_ROOT_GANGLION_DEVELOPMENT,Nervous System Development
GOBP_DOUBLE_STRAND_BREAK_REPAIR_INVOLVED_IN_MEIOTIC_RECOMBINATION,DNA Repair
GOBP_REGULATION_OF_DNA_DAMAGE_CHECKPOINT,Cell Cycle
GOBP_NEGATIVE_REGULATION_OF_DNA_DAMAGE_CHECKPOINT,DNA Repair
GOBP_POSITIVE_REGULATION_OF_DNA_TEMPLATED_DNA_REPLICATION,Cell Cycle
GOBP_REGULATION_OF_ACTIN_CYTOSKELETON_REORGANIZATION,Structural Stabilization
GOBP_POSITIVE_REGULATION_OF_ACTIN_CYTOSKELETON_REORGANIZATION,Structural Stabilization
GOBP_POSITIVE_REGULATION_OF_MYOBLAST_PROLIFERATION,Muscle Development
GOBP_REGULATION_OF_MYOBLAST_PROLIFERATION,Muscle Development
GOBP_REGULATION_OF_RHO_DEPENDENT_PROTEIN_SERINE_THREONINE_KINASE_ACTIVITY,**Signal Transduction**
GOBP_NEGATIVE_REGULATION_OF_T_CELL_MIGRATION,Immune Response
GOBP_REGULATION_OF_APOPTOTIC_CELL_CLEARANCE,Autophagy
GOBP_POSITIVE_REGULATION_OF_APOPTOTIC_CELL_CLEARANCE,Apoptosis
GOBP_POSITIVE_REGULATION_OF_GLYCOGEN_STARCH_SYNTHASE_ACTIVITY,Metabolism
GOBP_REGULATION_OF_T_CELL_COSTIMULATION,Immune Response
GOBP_NEGATIVE_REGULATION_OF_MIRNA_METABOLIC_PROCESS,RNA Spliceosome
GOBP_REGULATION_OF_SREBP_SIGNALING_PATHWAY,Lipid Metabolism
GOBP_REGULATION_OF_EARLY_ENDOSOME_TO_LATE_ENDOSOME_TRANSPORT,Endolysosome
GOBP_POSITIVE_REGULATION_OF_EARLY_ENDOSOME_TO_LATE_ENDOSOME_TRANSPORT,Endolysosome
GOBP_POSITIVE_REGULATION_OF_ANDROGEN_RECEPTOR_ACTIVITY,Lipid Metabolism
GOBP_REGULATION_OF_FOREBRAIN_NEURON_DIFFERENTIATION,Synapse
GOBP_NEGATIVE_REGULATION_OF_ATP_BIOSYNTHETIC_PROCESS,Mitochondrial Metabolism
GOBP_POSITIVE_REGULATION_OF_CD8_POSITIVE_ALPHA_BETA_T_CELL_ACTIVATION,Immune Response
GOBP_REGULATION_OF_DENDRITIC_CELL_DIFFERENTIATION,Immune Response
GOBP_POSITIVE_REGULATION_OF_DENDRITIC_CELL_DIFFERENTIATION,Immune Response
GOBP_REGULATION_OF_APOPTOTIC_SIGNALING_PATHWAY,Apoptosis
GOBP_POSITIVE_REGULATION_OF_APOPTOTIC_SIGNALING_PATHWAY,Apoptosis
GOBP_POSITIVE_REGULATION_OF_INTRINSIC_APOPTOTIC_SIGNALING_PATHWAY,Apoptosis
GOBP_REGULATION_OF_UNSATURATED_FATTY_ACID_BIOSYNTHETIC_PROCESS,Lipid Metabolism
GOCC_CYTOPLASMIC_UBIQUITIN_LIGASE_COMPLEX,Proteostasis
GOCC_VACUOLAR_PROTON_TRANSPORTING_V_TYPE_ATPASE_V0_DOMAIN,"Based on the pathway name ""GOCC_VACUOLAR_PROTON_TRANSPORTING_V_TYPE_ATPASE_V0_DOMAIN,"" the most appropriate biodomain to assign would be **Proteostasis**. This is because vacuolar proton-transporting ATPases are involved in maintaining cellular homeostasis and protein quality control, which aligns with the functions associated with the Proteostasis biodomain."
GOCC_NUCLEAR_CHROMOSOME,Epigenetic
GOCC_PROTEASOME_COMPLEX,Proteostasis
GOCC_CONDENSED_CHROMOSOME,Cell Cycle
GOCC_CONDENSED_NUCLEAR_CHROMOSOME,Epigenetic
GOCC_CONDENSIN_COMPLEX,Structural Stabilization
GOCC_LATERAL_ELEMENT,Structural Stabilization
GOCC_OUTER_KINETOCHORE,Cell Cycle
GOCC_PRP19_COMPLEX,"Based on the pathway name ""GOCC_PRP19_COMPLEX,"" the most appropriate biodomain would be **Proteostasis**. The PRP19 complex is involved in pre-mRNA splicing and is associated with the maintenance of protein homeostasis, which aligns with the Proteostasis domain."
GOCC_PAM_COMPLEX_TIM23_ASSOCIATED_IMPORT_MOTOR,ERROR: Connection error.
GOCC_PHAGOCYTIC_CUP,ERROR: Connection error.
GOCC_INTERSTITIAL_MATRIX,Structural Stabilization
GOCC_REPLICATION_FORK,Cell Cycle
GOCC_ALPHA_DNA_POLYMERASE_PRIMASE_COMPLEX,DNA Repair
GOCC_TIM23_MITOCHONDRIAL_IMPORT_INNER_MEMBRANE_TRANSLOCASE_COMPLEX,Mitochondrial Metabolism
GOCC_LATE_ENDOSOME,Endolysosome
GOCC_MULTIVESICULAR_BODY,Endolysosome
GOCC_SEC61_TRANSLOCON_COMPLEX,Proteostasis
GOCC_SMOOTH_ENDOPLASMIC_RETICULUM,Proteostasis
GOCC_ROUGH_ENDOPLASMIC_RETICULUM,Proteostasis
GOCC_ENDOPLASMIC_RETICULUM_GOLGI_INTERMEDIATE_COMPARTMENT,"Based on the pathway name ""GOCC_ENDOPLASMIC_RETICULUM_GOLGI_INTERMEDIATE_COMPARTMENT,"" the most appropriate biodomain to assign is **Proteostasis**. This is because the endoplasmic reticulum and Golgi apparatus are key components involved in protein processing, folding, and trafficking, which are central to maintaining cellular proteostasis."
GOCC_GOLGI_ASSOCIATED_VESICLE,"Based on the pathway name ""GOCC_GOLGI_ASSOCIATED_VESICLE,"" the most appropriate biodomain would be **Proteostasis**. This is because Golgi-associated vesicles are involved in the transport and processing of proteins, which is a key aspect of maintaining cellular proteostasis."
GOCC_PROTEASOME_CORE_COMPLEX,Proteostasis
GOCC_KINESIN_COMPLEX,Proteostasis
GOCC_TRANSCRIPTION_ELONGATION_FACTOR_COMPLEX,Proteostasis
GOCC_CYCLIN_CDK_POSITIVE_TRANSCRIPTION_ELONGATION_FACTOR_COMPLEX,"Based on the pathway name ""GOCC_CYCLIN_CDK_POSITIVE_TRANSCRIPTION_ELONGATION_FACTOR_COMPLEX,"" the most appropriate biodomain to assign would be **Cell Cycle**. This is because cyclins and CDKs (cyclin-dependent kinases) are crucial regulators of the cell cycle, particularly in the context of transcription elongation during cell division."
GOCC_KATANIN_COMPLEX,"Based on the pathway name ""GOCC_KATANIN_COMPLEX,"" the most appropriate biodomain to assign would be **Proteostasis**. The katanin complex is involved in microtubule severing and is associated with maintaining cellular structure and function, which aligns with the concept of proteostasis, the regulation of protein synthesis, folding, and degradation."
GOCC_PROTEASOME_REGULATORY_PARTICLE_LID_SUBCOMPLEX,Proteostasis
GOCC_SARCOPLASM,Muscle Physiology
GOCC_SARCOPLASMIC_RETICULUM,Muscle Physiology
GOCC_INSULIN_LIKE_GROWTH_FACTOR_BINDING_PROTEIN_COMPLEX,**Cell Signaling**
GOCC_NUCLEAR_CYCLIN_DEPENDENT_PROTEIN_KINASE_HOLOENZYME_COMPLEX,Cell Cycle
GOCC_CYTOSOLIC_LARGE_RIBOSOMAL_SUBUNIT,Proteostasis
GOCC_VESICLE_COAT,Endolysosome
GOCC_COATED_VESICLE,Endolysosome
GOCC_COPI_COATED_VESICLE,Proteostasis
GOCC_ENDOCYTIC_VESICLE,Endolysosome
GOCC_GOLGI_ASSOCIATED_VESICLE_MEMBRANE,"Based on the pathway name ""GOCC_GOLGI_ASSOCIATED_VESICLE_MEMBRANE,"" the most appropriate biodomain to assign would be **Proteostasis**. This is because the Golgi apparatus is involved in the processing and sorting of proteins and lipids, which is a key aspect of maintaining cellular protein homeostasis."
GOCC_COATED_VESICLE_MEMBRANE,Endolysosome
GOCC_PHAGOCYTIC_VESICLE_MEMBRANE,Endolysosome
GOCC_PRERIBOSOME,Proteostasis
GOCC_ROUGH_ENDOPLASMIC_RETICULUM_MEMBRANE,Proteostasis
GOCC_DNA_REPLICATION_PREINITIATION_COMPLEX,Cell Cycle
GOCC_BOX_H_ACA_SNORNP_COMPLEX,"Based on the pathway name ""GOCC_BOX_H_ACA_SNORNP_COMPLEX,"" the most appropriate biodomain to assign would be **RNA Spliceosome**. This is because the term suggests a complex related to small nucleolar RNAs (snoRNAs) and their role in RNA processing, which is a key function of the spliceosome in the context of RNA splicing."
GOCC_CUL5_RING_UBIQUITIN_LIGASE_COMPLEX,Proteostasis
GOCC_LATE_ENDOSOME_MEMBRANE,Endolysosome
GOCC_SMALL_SUBUNIT_PROCESSOME,Proteostasis
GOCC_STEREOCILIUM_TIP,Synapse
GOCC_CORTICAL_ENDOPLASMIC_RETICULUM,Proteostasis
GOCC_ENDOPLASMIC_RETICULUM_GOLGI_INTERMEDIATE_COMPARTMENT_MEMBRANE,Proteostasis
GOCC_PROTON_TRANSPORTING_V_TYPE_ATPASE_V0_DOMAIN,Mitochondrial Metabolism
GOCC_ELONGATOR_HOLOENZYME_COMPLEX,"Based on the pathway name ""GOCC_ELONGATOR_HOLOENZYME_COMPLEX,"" the most appropriate biodomain to assign would be **Proteostasis**. This is because the elongator complex is involved in the regulation of RNA polymerase II transcription and is associated with the proper folding and processing of proteins, which aligns with the concept of proteostasis."
GOCC_PWP2P_CONTAINING_SUBCOMPLEX_OF_90S_PRERIBOSOME,"Based on the pathway name ""GOCC_PWP2P_CONTAINING_SUBCOMPLEX_OF_90S_PRERIBOSOME,"" the most appropriate biodomain to assign would be **Proteostasis**. This is because the 90S preribosome is involved in ribosome biogenesis and protein synthesis, which are key aspects of maintaining cellular protein homeostasis."
GOCC_ARYL_HYDROCARBON_RECEPTOR_COMPLEX,"Based on the pathway name ""GOCC_ARYL_HYDROCARBON_RECEPTOR_COMPLEX,"" the most appropriate biodomain to assign would be **Immune Response**. The aryl hydrocarbon receptor (AhR) is known to play a role in various immune responses, including the modulation of inflammation and the response to environmental toxins."
GOCC_EXON_EXON_JUNCTION_COMPLEX,"Based on the pathway name ""GOCC_EXON_EXON_JUNCTION_COMPLEX,"" the most appropriate biodomain to assign would be **RNA Spliceosome**. This is because the exons are the coding sequences in RNA that are spliced together during the process of RNA splicing, which is a key function of the spliceosome complex."
GOCC_AZUROPHIL_GRANULE_MEMBRANE,Endolysosome
GOCC_CD40_RECEPTOR_COMPLEX,Immune Response
GOCC_TRANSCRIPTION_FACTOR_AP_1_COMPLEX,Epigenetic
GOCC_DERLIN_1_RETROTRANSLOCATION_COMPLEX,"Based on the pathway name ""GOCC_DERLIN_1_RETROTRANSLOCATION_COMPLEX,"" the most appropriate biodomain to assign would be **Proteostasis**. This is because the term ""retrotranslocation"" typically refers to the process of moving proteins from the endoplasmic reticulum back to the cytosol for degradation, which is a key aspect of maintaining protein homeostasis within the cell."
GOCC_NUCLEAR_OUTER_MEMBRANE_ENDOPLASMIC_RETICULUM_MEMBRANE_NETWORK,"Based on the pathway name ""GOCC_NUCLEAR_OUTER_MEMBRANE_ENDOPLASMIC_RETICULUM_MEMBRANE_NETWORK,"" the most appropriate biodomain would be **Proteostasis**. This is because the endoplasmic reticulum is primarily involved in protein folding, processing, and quality control, which are key aspects of proteostasis."
GOCC_NUCLEAR_RNA_EXPORT_FACTOR_COMPLEX,Proteostasis
GOCC_PARASPECKLES,RNA Spliceosome
GOCC_MCM_COMPLEX,Cell Cycle
GOCC_ORGANELLE_MEMBRANE_CONTACT_SITE,"Based on the pathway name ""GOCC_ORGANELLE_MEMBRANE_CONTACT_SITE,"" the most appropriate biodomain to assign would be **Structural Stabilization**. This is because membrane contact sites are crucial for maintaining the structural integrity and organization of cellular compartments, which aligns with the concept of structural stabilization in cellular biology."
GOCC_MITOCHONDRIA_ASSOCIATED_ENDOPLASMIC_RETICULUM_MEMBRANE,"Based on the pathway name ""GOCC_MITOCHONDRIA_ASSOCIATED_ENDOPLASMIC_RETICULUM_MEMBRANE,"" the most appropriate biodomain would be **Mitochondrial Metabolism**. This is because the pathway suggests a connection between the mitochondria and the endoplasmic reticulum, which is often involved in mitochondrial function and metabolism."
GOCC_BASAL_CORTEX,Synapse
GOCC_PHAGOCYTIC_VESICLE,Autophagy
GOCC_PERINUCLEAR_REGION_OF_CYTOPLASM,Structural Stabilization
GOCC_RECYCLING_ENDOSOME_MEMBRANE,Endolysosome
GOCC_BRCA1_A_COMPLEX,"Based on the pathway name ""GOCC_BRCA1_A_COMPLEX,"" the most appropriate biodomain to assign would be **Proteostasis**. This is because the BRCA1 complex is involved in DNA repair and maintenance of genomic stability, which relates to protein quality control and cellular homeostasis."
GOCC_HAUS_COMPLEX,"Based on the pathway name ""GOCC_HAUS_COMPLEX,"" the most appropriate biodomain would be **Proteostasis**. The HAUS complex is involved in the regulation of microtubule dynamics and is associated with the maintenance of cellular structures, which aligns with the concept of proteostasis, focusing on the proper folding and maintenance of proteins within the cell."
GOCC_POST_MRNA_RELEASE_SPLICEOSOMAL_COMPLEX,"Based on the pathway name ""GOCC_POST_MRNA_RELEASE_SPLICEOSOMAL_COMPLEX,"" the most appropriate biodomain to assign would be **RNA Spliceosome**. This pathway is related to the process of mRNA splicing, which is a key function of the spliceosomal complex involved in post-transcriptional modifications of RNA."
GOCC_TRANSLOCON_COMPLEX,"Based on the pathway name ""GOCC_TRANSLOCON_COMPLEX,"" the most appropriate biodomain would be **Proteostasis**. This is because the translocon complex is involved in the process of protein translocation and folding, which is a key aspect of maintaining cellular protein homeostasis."
GOCC_ELASTIC_FIBER,Structural Stabilization
GOCC_RAGULATOR_COMPLEX,"Based on the pathway name ""GOCC_RAGULATOR_COMPLEX,"" the most appropriate biodomain would be **Proteostasis**. This is inferred from the context of the name, which suggests a complex involved in the regulation of cellular components, likely related to protein folding, stability, and overall cellular homeostasis."
GOCC_ER_MEMBRANE_INSERTION_COMPLEX,"Based on the pathway name ""GOCC_ER_MEMBRANE_INSERTION_COMPLEX,"" the most appropriate biodomain would be **Proteostasis**. This is because the pathway likely involves processes related to the insertion of proteins into the endoplasmic reticulum membrane, which is a key aspect of maintaining protein homeostasis within the cell."
GOCC_EMC_COMPLEX,"Based on the pathway name ""GOCC_EMC_COMPLEX,"" the most appropriate biodomain would be **Proteostasis**. The EMC (Endoplasmic Reticulum Membrane Complex) is involved in protein folding and quality control within the endoplasmic reticulum, which aligns with the functions associated with the Proteostasis biodomain."
GOCC_BOX_H_ACA_RNP_COMPLEX,"Based on the pathway name ""GOCC_BOX_H_ACA_RNP_COMPLEX,"" the most appropriate biodomain would be **RNA Spliceosome**. This is inferred from the presence of ""RNP"" (ribonucleoprotein) in the pathway name, which is commonly associated with RNA processing and splicing activities."
GOCC_BOX_H_ACA_TELOMERASE_RNP_COMPLEX,"Based on the pathway name ""GOCC_BOX_H_ACA_TELOMERASE_RNP_COMPLEX,"" the most appropriate biodomain to assign would be **RNA Spliceosome**. This is because the term suggests a complex involved in RNA processing, specifically related to telomerase, which is often associated with RNA components and their processing."
GOCC_TETRASPANIN_ENRICHED_MICRODOMAIN,"Based on the pathway name ""GOCC_TETRASPANIN_ENRICHED_MICRODOMAIN,"" the most appropriate biodomain to assign would be **Lipid Metabolism**. Tetraspanin-enriched microdomains are often associated with lipid rafts and play a role in membrane organization and lipid interactions."
GOCC_CYTOPLASMIC_SIDE_OF_APICAL_PLASMA_MEMBRANE,Structural Stabilization
GOCC_SYNAPTONEMAL_STRUCTURE,Synapse
GOCC_POSTSYNAPTIC_CYTOSOL,Synapse
GOCC_NUCLEOLAR_EXOSOME_RNASE_COMPLEX,"Based on the pathway name ""GOCC_NUCLEOLAR_EXOSOME_RNASE_COMPLEX,"" the most appropriate biodomain to assign would be **Proteostasis**. This is because the exosome complex is involved in RNA processing and degradation, which is a critical aspect of maintaining cellular homeostasis and protein quality control."
GOCC_CHAPERONE_COMPLEX,Proteostasis
GOCC_CENTRIOLAR_SUBDISTAL_APPENDAGE,Structural Stabilization
GOCC_ENDOPLASMIC_RETICULUM_PROTEIN_CONTAINING_COMPLEX,"Based on the pathway name ""GOCC_ENDOPLASMIC_RETICULUM_PROTEIN_CONTAINING_COMPLEX,"" the most appropriate biodomain to assign would be **Proteostasis**. This is because the endoplasmic reticulum is primarily involved in the synthesis, folding, modification, and transport of proteins, which are key aspects of maintaining cellular proteostasis."
GOCC_PEPTIDASE_COMPLEX,Proteostasis
GOCC_ENDOPEPTIDASE_COMPLEX,Proteostasis
GOCC_MITOTIC_SPINDLE_MIDZONE,Cell Cycle
GOMF_DNA_SECONDARY_STRUCTURE_BINDING,DNA Repair
GOMF_FOUR_WAY_JUNCTION_DNA_BINDING,DNA Repair
GOMF_ADENYL_NUCLEOTIDE_EXCHANGE_FACTOR_ACTIVITY,"Based on the pathway name ""GOMF_ADENYL_NUCLEOTIDE_EXCHANGE_FACTOR_ACTIVITY,"" the most appropriate biodomain would be **Proteostasis**. This is because adenyl nucleotide exchange factors are typically involved in the regulation of protein folding and stability, which falls under the broader category of proteostasis."
GOMF_MRNA_REGULATORY_ELEMENT_BINDING_TRANSLATION_REPRESSOR_ACTIVITY,"Based on the pathway name ""GOMF_MRNA_REGULATORY_ELEMENT_BINDING_TRANSLATION_REPRESSOR_ACTIVITY,"" the most appropriate biodomain to assign would be **Proteostasis**. This is because translation repressor activity is related to the regulation of protein synthesis and maintenance of protein homeostasis within the cell."
GOMF_RNA_POLYMERASE_II_GENERAL_TRANSCRIPTION_INITIATION_FACTOR_BINDING,"Based on the pathway name ""GOMF_RNA_POLYMERASE_II_GENERAL_TRANSCRIPTION_INITIATION_FACTOR_BINDING,"" the most appropriate biodomain to assign would be **Epigenetic**. This is because the pathway relates to the binding of transcription factors that are involved in the regulation of gene expression, which is a key aspect of epigenetic control."
GOMF_TFIIB_CLASS_TRANSCRIPTION_FACTOR_BINDING,Epigenetic
GOMF_BASAL_TRANSCRIPTION_MACHINERY_BINDING,Epigenetic
GOMF_TRANSCRIPTION_COREGULATOR_BINDING,Epigenetic
GOMF_N_ACETYLGLUCOSAMINE_6_O_SULFOTRANSFERASE_ACTIVITY,"Based on the pathway name ""GOMF_N_ACETYLGLUCOSAMINE_6_O_SULFOTRANSFERASE_ACTIVITY,"" the most appropriate biodomain would be **Lipid Metabolism**. This is because the activity described involves the modification of glycosaminoglycans, which are important components of lipid metabolism and cellular signaling."
GOMF_LIPOPOLYSACCHARIDE_BINDING,Lipid Metabolism
GOMF_ALPHA_N_ACETYLGALACTOSAMINIDE_ALPHA_2_6_SIALYLTRANSFERASE_ACTIVITY,"Based on the pathway name ""GOMF_ALPHA_N_ACETYLGALACTOSAMINIDE_ALPHA_2_6_SIALYLTRANSFERASE_ACTIVITY,"" the most appropriate biodomain to assign would be **Lipid Metabolism**. This is because sialyltransferases are involved in the modification of glycoproteins and glycolipids, which are key components of lipid metabolism."
GOMF_ATPASE_ACTIVATOR_ACTIVITY,"Based on the pathway name ""GOMF_ATPASE_ACTIVATOR_ACTIVITY,"" the most appropriate biodomain would be **Proteostasis**. This is because ATPase activator activity is typically associated with the regulation of protein folding and maintenance of protein homeostasis, which falls under the Proteostasis domain."
GOMF_DNA_HELICASE_ACTIVITY,DNA Repair
GOMF_MINOR_GROOVE_OF_ADENINE_THYMINE_RICH_DNA_BINDING,**DNA Repair**
GOMF_TELOMERASE_ACTIVITY,DNA Repair
GOMF_TRANSLATION_ELONGATION_FACTOR_ACTIVITY,"Based on the pathway name ""GOMF_TRANSLATION_ELONGATION_FACTOR_ACTIVITY,"" the most appropriate biodomain to assign would be **Proteostasis**. This is because translation elongation factors are involved in the process of protein synthesis, which is a key aspect of maintaining cellular proteostasis."
GOMF_PROTEIN_DISULFIDE_ISOMERASE_ACTIVITY,Proteostasis
GOMF_G_PROTEIN_ACTIVITY,Signal Transduction
GOMF_RNA_DIRECTED_DNA_POLYMERASE_ACTIVITY,Cell Cycle
GOMF_ADENYLATE_KINASE_ACTIVITY,"Based on the pathway name ""GOMF_ADENYLATE_KINASE_ACTIVITY,"" the most appropriate biodomain would be **Mitochondrial Metabolism**. Adenylate kinase is involved in the regulation of adenine nucleotide levels, which is crucial for energy metabolism, particularly in mitochondrial functions."
GOMF_3_5_CYCLIC_AMP_PHOSPHODIESTERASE_ACTIVITY,"Based on the pathway name ""GOMF_3_5_CYCLIC_AMP_PHOSPHODIESTERASE_ACTIVITY,"" the most appropriate biodomain to assign would be **Signal Transduction**. This is because phosphodiesterases are enzymes that play a crucial role in the regulation of cyclic AMP (cAMP) levels, which are important signaling molecules in various biological processes, including cell signaling and response to hormones."
GOMF_ATP_DEPENDENT_PEPTIDASE_ACTIVITY,"Based on the pathway name ""GOMF_ATP_DEPENDENT_PEPTIDASE_ACTIVITY,"" the most appropriate biodomain would be **Proteostasis**. This is because ATP-dependent peptidase activity is typically associated with protein degradation and quality control mechanisms, which are key aspects of proteostasis."
GOMF_PHOSPHATIDYLINOSITOL_4_5_BISPHOSPHATE_5_PHOSPHATASE_ACTIVITY,Lipid Metabolism
GOMF_DNA_ENDONUCLEASE_ACTIVITY,DNA Repair
GOMF_BETA_N_ACETYLHEXOSAMINIDASE_ACTIVITY,"Based on the pathway name ""GOMF_BETA_N_ACETYLHEXOSAMINIDASE_ACTIVITY,"" the most appropriate biodomain to assign would be **Proteostasis**. This is because the activity of beta-N-acetylhexosaminidase is related to the processing and modification of glycoproteins and glycolipids, which are crucial for maintaining protein homeostasis and cellular function."
GOMF_PHOSPHOLIPASE_D_ACTIVITY,Lipid Metabolism
GOMF_CYCLIN_DEPENDENT_PROTEIN_SERINE_THREONINE_KINASE_INHIBITOR_ACTIVITY,Cell Cycle
GOMF_COMPLEMENT_RECEPTOR_ACTIVITY,Immune Response
GOMF_G_PROTEIN_COUPLED_OPIOID_RECEPTOR_ACTIVITY,Synapse
GOMF_SIGNAL_RECOGNITION_PARTICLE_BINDING,Proteostasis
GOMF_GDP_DISSOCIATION_INHIBITOR_ACTIVITY,"Based on the pathway name ""GOMF_GDP_DISSOCIATION_INHIBITOR_ACTIVITY,"" the most appropriate biodomain would be **Signal Transduction**. This pathway likely involves the regulation of G-protein coupled receptors or similar signaling mechanisms, which are critical in cellular communication and response to external stimuli."
GOMF_SNAP_RECEPTOR_ACTIVITY,Synapse
GOMF_STEROID_BINDING,Lipid Metabolism
GOMF_VITAMIN_D_BINDING,Lipid Metabolism
GOMF_ATP_DEPENDENT_ACTIVITY_ACTING_ON_DNA,DNA Repair
GOMF_CYSTEINE_TYPE_PEPTIDASE_ACTIVITY,Proteostasis
GOMF_NUCLEOTIDASE_ACTIVITY,**Proteostasis**
GOMF_PROTEIN_TRANSMEMBRANE_TRANSPORTER_ACTIVITY,"Based on the pathway name ""GOMF_PROTEIN_TRANSMEMBRANE_TRANSPORTER_ACTIVITY,"" the most appropriate biodomain would be **Proteostasis**. This is because the activity of protein transporters is closely related to maintaining protein homeostasis within the cell, which is a key aspect of proteostasis."
GOMF_COA_TRANSFERASE_ACTIVITY,"Based on the pathway name ""GOMF_COA_TRANSFERASE_ACTIVITY,"" the most appropriate biodomain would be **Lipid Metabolism**. This is because CoA transferase activity is typically involved in the metabolism of fatty acids and other lipids, which aligns with the processes associated with lipid metabolism."
GOMF_FUCOSYLTRANSFERASE_ACTIVITY,"Based on the pathway name ""GOMF_FUCOSYLTRANSFERASE_ACTIVITY,"" the most appropriate biodomain to assign would be **Lipid Metabolism**. This is because fucosyltransferases are enzymes involved in the transfer of fucose, a type of sugar, which is often associated with glycosylation processes that are integral to lipid metabolism and the modification of glycoproteins and glycolipids."
GOMF_JUN_KINASE_BINDING,"Based on the pathway name ""GOMF_JUN_KINASE_BINDING,"" the most appropriate biodomain would be **Signal Transduction**. This pathway likely involves interactions related to the Jun kinase signaling pathway, which is a part of cellular signaling mechanisms."
GOMF_MICROTUBULE_SEVERING_ATPASE_ACTIVITY,Structural Stabilization
GOMF_CROSSOVER_JUNCTION_DNA_ENDONUCLEASE_ACTIVITY,"Based on the pathway name ""GOMF_CROSSOVER_JUNCTION_DNA_ENDONUCLEASE_ACTIVITY,"" the most appropriate biodomain to assign would be **DNA Repair**. This pathway suggests a function related to the endonucleolytic activity involved in DNA crossover junctions, which is typically associated with DNA repair mechanisms."
GOMF_CHOLESTEROL_BINDING,Lipid Metabolism
GOMF_RNA_POLYMERASE_II_GENERAL_TRANSCRIPTION_INITIATION_FACTOR_ACTIVITY,"Based on the pathway name ""GOMF_RNA_POLYMERASE_II_GENERAL_TRANSCRIPTION_INITIATION_FACTOR_ACTIVITY,"" the most appropriate biodomain to assign would be **RNA Spliceosome**. This pathway is related to the activity of transcription factors involved in the initiation of transcription by RNA polymerase II, which is a key process in gene expression and RNA processing."
GOMF_PHOSPHATIDYLINOSITOL_3_4_5_TRISPHOSPHATE_3_PHOSPHATASE_ACTIVITY,Lipid Metabolism
GOMF_METALLOCHAPERONE_ACTIVITY,"The pathway ""GOMF_METALLOCHAPERONE_ACTIVITY"" is related to the activity of metallochaperones, which are proteins that assist in the transport and delivery of metal ions within cells. This activity is closely associated with metal ion homeostasis and binding.

Based on the context provided, the most appropriate biodomain for ""GOMF_METALLOCHAPERONE_ACTIVITY"" would be:

**Metal Binding and Homeostasis**"
GOMF_COPPER_CHAPERONE_ACTIVITY,Metal Binding and Homeostasis
GOMF_OXIDOREDUCTASE_ACTIVITY_ACTING_ON_A_SULFUR_GROUP_OF_DONORS_DISULFIDE_AS_ACCEPTOR,"The pathway ""GOMF_OXIDOREDUCTASE_ACTIVITY_ACTING_ON_A_SULFUR_GROUP_OF_DONORS_DISULFIDE_AS_ACCEPTOR"" suggests a focus on enzymatic activity related to redox reactions involving sulfur groups, specifically disulfides. This type of activity is often associated with oxidative stress and the maintenance of redox balance within cells.

Based on the context provided and the nature of the pathway, the most appropriate biodomain for this pathway would be:

**Oxidative Stress**"
GOMF_OXIDOREDUCTASE_ACTIVITY_ACTING_ON_A_HEME_GROUP_OF_DONORS,"Based on the pathway name ""GOMF_OXIDOREDUCTASE_ACTIVITY_ACTING_ON_A_HEME_GROUP_OF_DONORS,"" the most appropriate biodomain would be **Oxidative Stress**. This is because oxidoreductase enzymes, particularly those that act on heme groups, are often involved in redox reactions that can influence oxidative stress levels within cells."
GOMF_TRANSKETOLASE_OR_TRANSALDOLASE_ACTIVITY,"Based on the pathway name ""GOMF_TRANSKETOLASE_OR_TRANSALDOLASE_ACTIVITY,"" the most appropriate biodomain would be **Mitochondrial Metabolism**. This is because transketolase and transaldolase are enzymes involved in carbohydrate metabolism, specifically in the pentose phosphate pathway, which is linked to mitochondrial functions related to energy metabolism."
GOMF_INTRAMOLECULAR_TRANSFERASE_ACTIVITY,"Based on the pathway name ""GOMF_INTRAMOLECULAR_TRANSFERASE_ACTIVITY,"" the most appropriate biodomain would be **Proteostasis**. This is because intramolecular transferase activity typically involves the modification of proteins, which is a key aspect of maintaining protein homeostasis within the cell."
GOMF_ACID_THIOL_LIGASE_ACTIVITY,"Based on the pathway name ""GOMF_ACID_THIOL_LIGASE_ACTIVITY,"" the most appropriate biodomain would be **Proteostasis**. This is because the activity of ligases, particularly those involving thiol groups, is often related to protein folding, modification, and maintenance of protein homeostasis within the cell."
GOMF_ENDODEOXYRIBONUCLEASE_ACTIVITY_PRODUCING_5_PHOSPHOMONOESTERS,"Based on the pathway name ""GOMF_ENDODEOXYRIBONUCLEASE_ACTIVITY_PRODUCING_5_PHOSPHOMONOESTERS,"" the most appropriate biodomain to assign would be **DNA Repair**. This is because endodeoxyribonucleases are enzymes that play a critical role in the repair and processing of DNA, particularly in the context of removing damaged or unnecessary nucleotides and producing 5' phosphomonoesters as part of the DNA repair process."
GOMF_DNA_ENDONUCLEASE_ACTIVITY_PRODUCING_3_PHOSPHOMONOESTERS,"Based on the pathway name ""GOMF_DNA_ENDONUCLEASE_ACTIVITY_PRODUCING_3_PHOSPHOMONOESTERS,"" the most appropriate biodomain to assign would be **DNA Repair**. This is because endonuclease activity is typically involved in processes related to DNA repair, particularly in the context of cleaving DNA strands to facilitate repair mechanisms."
GOMF_ENDONUCLEASE_ACTIVITY_ACTIVE_WITH_EITHER_RIBO_OR_DEOXYRIBONUCLEIC_ACIDS_AND_PRODUCING_3_PHOSPHOMONOESTERS,"Based on the pathway name ""GOMF_ENDONUCLEASE_ACTIVITY_ACTIVE_WITH_EITHER_RIBO_OR_DEOXYRIBONUCLEIC_ACIDS_AND_PRODUCING_3_PHOSPHOMONOESTERS,"" the most appropriate biodomain to assign would be **DNA Repair**. This is because endonucleases are enzymes that cleave the phosphodiester bond within a nucleic acid chain, which is a critical activity in the processes of DNA repair and RNA processing."
GOMF_TBP_CLASS_PROTEIN_BINDING,"The pathway ""GOMF_TBP_CLASS_PROTEIN_BINDING"" suggests a focus on protein binding, specifically related to the TATA-binding protein (TBP) class. This is typically associated with transcription regulation and gene expression processes.

Based on the context of the pathway, the most appropriate biodomain would be:

**Epigenetic**"
GOMF_SINGLE_STRANDED_DNA_HELICASE_ACTIVITY,"The pathway ""GOMF_SINGLE_STRANDED_DNA_HELICASE_ACTIVITY"" is related to the activity of enzymes that unwind single-stranded DNA, which is crucial for processes such as DNA replication and repair. This activity is typically associated with the Cell Cycle and DNA Repair biodomains.

Given the context and the nature of the activity, the most appropriate biodomain for ""GOMF_SINGLE_STRANDED_DNA_HELICASE_ACTIVITY"" would be:

** DNA Repair**"
GOMF_WNT_PROTEIN_BINDING,Immune Response
GOMF_ALKANE_1_MONOOXYGENASE_ACTIVITY,"Based on the pathway name ""GOMF_ALKANE_1_MONOOXYGENASE_ACTIVITY,"" the most appropriate biodomain would be **Lipid Metabolism**. This is inferred from the context of the pathway, which suggests involvement in the metabolism of alkanes, typically related to lipid processing and modification."
GOMF_GDP_BINDING,"Based on the pathway name ""GOMF_GDP_BINDING,"" the most appropriate biodomain would be **Lipid Metabolism**. This is inferred from the context of GDP binding, which is often associated with lipid-related processes, particularly in the context of GTPases and their roles in lipid metabolism and membrane dynamics."
GOMF_RRNA_BINDING,RNA Spliceosome
GOMF_POTASSIUM_CHANNEL_INHIBITOR_ACTIVITY,Synapse
GOMF_MANGANESE_ION_BINDING,Metal Binding and Homeostasis
GOMF_PROTEIN_SERINE_THREONINE_KINASE_INHIBITOR_ACTIVITY,"Based on the pathway name ""GOMF_PROTEIN_SERINE_THREONINE_KINASE_INHIBITOR_ACTIVITY,"" the most appropriate biodomain to assign would be **Proteostasis**. This is because the activity of inhibiting protein kinases is often related to the regulation of protein function and stability, which falls under the broader category of proteostasis."
GOMF_HSP70_PROTEIN_BINDING,"Based on the pathway name ""GOMF_HSP70_PROTEIN_BINDING,"" the most appropriate biodomain to assign would be **Proteostasis**. This is because HSP70 (Heat Shock Protein 70) is a chaperone protein that plays a critical role in protein folding, maintenance, and protection against stress, which are key aspects of proteostasis."
GOMF_CGMP_BINDING,Signal Transduction
GOMF_BETA_2_MICROGLOBULIN_BINDING,Immune Response
GOMF_MISMATCHED_DNA_BINDING,DNA Repair
GOMF_HEAT_SHOCK_PROTEIN_BINDING,Proteostasis
GOMF_MITOGEN_ACTIVATED_PROTEIN_KINASE_KINASE_KINASE_BINDING,"Based on the pathway name ""GOMF_MITOGEN_ACTIVATED_PROTEIN_KINASE_KINASE_KINASE_BINDING,"" the most appropriate biodomain to assign would be **Signal Transduction**. This is because mitogen-activated protein kinases (MAPKs) are key components in signaling pathways that regulate various cellular processes, including growth, differentiation, and response to stress."
GOMF_PEPTIDYL_PROLINE_4_DIOXYGENASE_ACTIVITY,Proteostasis
GOMF_MISMATCH_REPAIR_COMPLEX_BINDING,"The pathway ""GOMF_MISMATCH_REPAIR_COMPLEX_BINDING"" is related to the process of DNA repair, specifically the binding of proteins involved in the mismatch repair complex. Therefore, the most appropriate biodomain for this pathway is:

**DNA Repair**"
GOMF_MUTSALPHA_COMPLEX_BINDING,"Based on the pathway name ""GOMF_MUTSALPHA_COMPLEX_BINDING,"" the most appropriate biodomain would be **Proteostasis**. This is inferred from the context of the pathway name, which suggests a role in the binding of a complex that is likely involved in maintaining protein homeostasis or stability within the cell."
GOMF_STEROL_BINDING,Lipid Metabolism
GOMF_MEMBRANE_INSERTASE_ACTIVITY,"Based on the pathway name ""GOMF_MEMBRANE_INSERTASE_ACTIVITY,"" the most appropriate biodomain would be **Proteostasis**. This is because membrane insertase activity is typically associated with the proper folding and insertion of proteins into membranes, which is a key aspect of maintaining cellular proteostasis."
GOMF_AMIDE_BINDING,"The pathway ""GOMF_AMIDE_BINDING"" suggests a focus on molecular functions related to binding, specifically amide binding. This pathway does not directly align with the biodomains provided in the examples, which primarily include categories like Mitochondrial Metabolism, Immune Response, Synapse, and others.

However, if we consider the context of amide binding, it could relate to various biological processes, including protein interactions, metabolic processes, or signaling pathways. Given the lack of a direct match in the provided biodomains, the most appropriate biodomain for ""GOMF_AMIDE_BINDING"" would likely be **Proteostasis**, as it encompasses the maintenance of protein structure and function, which could involve amide interactions in protein folding and stability.

Thus, the assignment would be:
 **Proteostasis**"
GOMF_DYNACTIN_BINDING,"Based on the pathway name ""GOMF_DYNACTIN_BINDING,"" the most appropriate biodomain would be **Structural Stabilization**. This is because dynein and dynactin are involved in the stabilization and transport of cellular structures, particularly in the context of microtubule dynamics and cellular organization."
GOMF_CHONDROITIN_SULFOTRANSFERASE_ACTIVITY,Lipid Metabolism
GOMF_BOX_H_ACA_SNORNA_BINDING,"Based on the pathway name ""GOMF_BOX_H_ACA_SNORNA_BINDING,"" the most appropriate biodomain would be **RNA Spliceosome**. This pathway likely involves the binding of small nucleolar RNAs (snoRNAs) that are involved in the modification and processing of ribosomal RNA, which is a key function of the RNA spliceosome complex."
GOMF_PROTEASOME_ACTIVATING_ACTIVITY,Proteostasis
GOMF_K48_LINKED_POLYUBIQUITIN_MODIFICATION_DEPENDENT_PROTEIN_BINDING,Proteostasis
GOMF_PEPTIDE_BINDING,Proteostasis
GOMF_WNT_RECEPTOR_ACTIVITY,Immune Response
GOMF_RIBOSOME_BINDING,Proteostasis
GOMF_KINETOCHORE_BINDING,Cell Cycle
GOMF_LEUCINE_ZIPPER_DOMAIN_BINDING,"The pathway ""GOMF_LEUCINE_ZIPPER_DOMAIN_BINDING"" is related to protein interactions and structural motifs, specifically involving leucine zipper domains which are often associated with transcription factors and protein-protein interactions. This suggests a focus on molecular functions related to protein binding and regulation.

Given the context of the pathway, the most appropriate biodomain to assign would be **Proteostasis**, as it encompasses the maintenance of proper protein folding, stability, and interactions, which are critical for the function of proteins with leucine zipper domains."
GOMF_PROTEIN_FOLDING_CHAPERONE,Proteostasis
GOMF_SMAD_BINDING,Immune Response
GOMF_SPHINGOLIPID_BINDING,Lipid Metabolism
GOMF_VIRION_BINDING,Immune Response
GOMF_ER_RETENTION_SEQUENCE_BINDING,"Based on the pathway name ""GOMF_ER_RETENTION_SEQUENCE_BINDING,"" the most appropriate biodomain would be **Proteostasis**. This pathway likely involves mechanisms related to the retention of proteins within the endoplasmic reticulum (ER), which is a key aspect of maintaining protein homeostasis within the cell."
GOMF_GLYCINE_N_ACYLTRANSFERASE_ACTIVITY,"Based on the pathway name ""GOMF_GLYCINE_N_ACYLTRANSFERASE_ACTIVITY,"" the most appropriate biodomain would be **Lipid Metabolism**. This is because acyltransferase activities are typically involved in the metabolism of lipids, particularly in the modification and transfer of acyl groups to various lipid molecules."
GOMF_FLAP_ENDONUCLEASE_ACTIVITY,"Based on the pathway name ""GOMF_FLAP_ENDONUCLEASE_ACTIVITY,"" the most appropriate biodomain would be **Proteostasis**. This is because endonuclease activity is typically associated with processes that involve the maintenance and regulation of protein and nucleic acid integrity, which falls under the broader category of proteostasis."
GOMF_NUCLEAR_ANDROGEN_RECEPTOR_BINDING,**Lipid Metabolism**
GOMF_LOW_DENSITY_LIPOPROTEIN_PARTICLE_RECEPTOR_BINDING,Lipid Metabolism
GOMF_GDP_DISSOCIATION_INHIBITOR_BINDING,"Based on the pathway name ""GOMF_GDP_DISSOCIATION_INHIBITOR_BINDING,"" the most appropriate biodomain would be **Signal Transduction**. This pathway likely involves the regulation of GTPase activity, which is crucial in various signaling pathways, particularly those related to cell communication and response to external stimuli."
GOMF_UNFOLDED_PROTEIN_BINDING,Proteostasis
GOMF_CHAPERONE_BINDING,Proteostasis
GOMF_ATPASE_BINDING,"Based on the pathway name ""GOMF_ATPASE_BINDING,"" the most appropriate biodomain would be **Proteostasis**. This is because ATPase binding is typically associated with protein folding, maintenance, and degradation processes, which are key aspects of proteostasis."
GOMF_MISFOLDED_PROTEIN_BINDING,Proteostasis
GOMF_ATPASE_REGULATOR_ACTIVITY,"Based on the pathway name ""GOMF_ATPASE_REGULATOR_ACTIVITY,"" the most appropriate biodomain would be **Proteostasis**. This is because ATPase regulators are typically involved in maintaining protein homeostasis and ensuring proper protein folding and function within the cell."
GOMF_CHROMO_SHADOW_DOMAIN_BINDING,Epigenetic
GOMF_LIPOPROTEIN_PARTICLE_RECEPTOR_BINDING,Lipid Metabolism
GOMF_NADPH_BINDING,Oxidative Stress
GOMF_ADENYLYLTRANSFERASE_ACTIVITY,"Based on the pathway name ""GOMF_ADENYLYLTRANSFERASE_ACTIVITY,"" the most appropriate biodomain would be **Proteostasis**. This is because adenylyltransferase activity is related to the modification and processing of proteins, which falls under the broader category of proteostasis, the maintenance of cellular protein homeostasis."
GOMF_E_BOX_BINDING,Epigenetic
GOMF_CERAMIDE_BINDING,Lipid Metabolism
GOMF_STRUCTURAL_CONSTITUENT_OF_PRESYNAPTIC_ACTIVE_ZONE,Synapse
GOMF_PHOSPHATIDYLINOSITOL_4_5_BISPHOSPHATE_PHOSPHATASE_ACTIVITY,Lipid Metabolism
GOMF_CATALYTIC_ACTIVITY_ACTING_ON_DNA,DNA Repair
GOMF_GENERAL_TRANSCRIPTION_INITIATION_FACTOR_BINDING,Epigenetic
GOMF_PROTEIN_TRANSPORTER_ACTIVITY,"Based on the pathway name ""GOMF_PROTEIN_TRANSPORTER_ACTIVITY,"" the most appropriate biodomain to assign would be **Proteostasis**. This is because protein transport is a critical aspect of maintaining cellular homeostasis and ensuring proper protein folding, localization, and degradation, which are all key components of proteostasis."
GOMF_DNA_DAMAGE_SENSOR_ACTIVITY,DNA Repair
GOMF_ATP_DEPENDENT_PROTEIN_FOLDING_CHAPERONE,Proteostasis
GOMF_CATECHOLAMINE_BINDING,Synapse
GOMF_OLEATE_TRANSMEMBRANE_TRANSPORTER_ACTIVITY,Lipid Metabolism
GOMF_STEROID_HORMONE_BINDING,Lipid Metabolism
GOMF_UBIQUITIN_SPECIFIC_PROTEASE_BINDING,Proteostasis
GOMF_SPLICING_FACTOR_BINDING,"Based on the pathway name ""GOMF_SPLICING_FACTOR_BINDING,"" the most appropriate biodomain to assign would be **RNA Spliceosome**. This is because splicing factors are integral to the process of RNA splicing, which occurs within the spliceosome complex."
