"pathway","rescue","side_effect"
"GOBP_PROTEIN_TO_MEMBRANE_DOCKING","Full Rescue","No Side Effect"
"GOCC_CUL5_RING_UBIQUITIN_LIGASE_COMPLEX","Full Rescue","No Side Effect"
"GOBP_NEGATIVE_REGULATION_OF_HEMATOPOIETIC_PROGENITOR_CELL_DIFFERENTIATION","Full Rescue","No Side Effect"
"GOBP_NEGATIVE_REGULATION_OF_RESPONSE_TO_ENDOPLASMIC_RETICULUM_STRESS","Partial Rescue","No Side Effect"
"GOMF_STRUCTURAL_CONSTITUENT_OF_RIBOSOME","Full Rescue","No Side Effect"
"GOBP_PROTEIN_INSERTION_INTO_ER_MEMBRANE_BY_STOP_TRANSFER_MEMBRANE_ANCHOR_SEQUENCE","Full Rescue","No Side Effect"
"GOCC_EMC_COMPLEX","Full Rescue","No Side Effect"
"GOCC_PROTEASOME_CORE_COMPLEX_BETA_SUBUNIT_COMPLEX","Full Rescue","No Side Effect"
"GOCC_RIBOSOME","Full Rescue","No Side Effect"
"GOCC_RIBOSOMAL_SUBUNIT","Full Rescue","No Side Effect"
"GOCC_SMALL_RIBOSOMAL_SUBUNIT","Full Rescue","No Side Effect"
"GOCC_LARGE_RIBOSOMAL_SUBUNIT","Full Rescue","No Side Effect"
"GOBP_POSITIVE_REGULATION_OF_NITRIC_OXIDE_MEDIATED_SIGNAL_TRANSDUCTION","Full Rescue","No Side Effect"
"GOMF_MEMBRANE_INSERTASE_ACTIVITY","Full Rescue","No Side Effect"
"GOBP_REGULATION_OF_ENDOPLASMIC_RETICULUM_STRESS_INDUCED_INTRINSIC_APOPTOTIC_SIGNALING_PATHWAY","Partial Rescue","No Side Effect"
"GOBP_RESPIRATORY_BURST_INVOLVED_IN_INFLAMMATORY_RESPONSE","Full Rescue","No Side Effect"
"GOBP_REGULATION_OF_RESPONSE_TO_ENDOPLASMIC_RETICULUM_STRESS","Partial Rescue","No Side Effect"
"GOCC_SEC61_TRANSLOCON_COMPLEX","Partial Rescue","No Side Effect"
"GOBP_ENDOPLASMIC_RETICULUM_TO_CYTOSOL_TRANSPORT","Partial Rescue","No Side Effect"
"GOBP_POSITIVE_REGULATION_OF_TOLL_LIKE_RECEPTOR_4_SIGNALING_PATHWAY","Full Rescue","No Side Effect"
"GOBP_PROTEIN_EXIT_FROM_ENDOPLASMIC_RETICULUM","Partial Rescue","No Side Effect"
"GOBP_RIBOSOMAL_LARGE_SUBUNIT_ASSEMBLY","Full Rescue","No Side Effect"
"GOBP_MITOCHONDRIAL_OUTER_MEMBRANE_PERMEABILIZATION","Full Rescue","No Side Effect"
"GOMF_PROTEASOME_ACTIVATING_ACTIVITY","Full Rescue","No Side Effect"
"GOBP_RRNA_PROCESSING","Full Rescue","No Side Effect"
"GOBP_RIBONUCLEOPROTEIN_COMPLEX_BIOGENESIS","Full Rescue","No Side Effect"
"GOBP_RIBOSOMAL_LARGE_SUBUNIT_BIOGENESIS","Full Rescue","No Side Effect"
"GOCC_ENDOPEPTIDASE_COMPLEX","Full Rescue","No Side Effect"
"GOBP_INTESTINAL_STEM_CELL_HOMEOSTASIS","Full Rescue","No Side Effect"
"GOBP_NEGATIVE_REGULATION_OF_HISTONE_H4_ACETYLATION","Full Rescue","No Side Effect"
"GOBP_PROTEIN_TRANSMEMBRANE_TRANSPORT","Partial Rescue","No Side Effect"
"GOCC_RAGULATOR_COMPLEX","Partial Rescue","No Side Effect"
"GOCC_TRANSLOCON_COMPLEX","Partial Rescue","No Side Effect"
"GOBP_PEPTIDE_BIOSYNTHETIC_PROCESS","Full Rescue","No Side Effect"
"GOMF_RRNA_BINDING","Full Rescue","No Side Effect"
"GOBP_NEGATIVE_REGULATION_OF_PROTEIN_EXIT_FROM_ENDOPLASMIC_RETICULUM","Partial Rescue","No Side Effect"
"GOCC_TRAPPIII_PROTEIN_COMPLEX","Full Rescue","No Side Effect"
"GOMF_INTRAMOLECULAR_TRANSFERASE_ACTIVITY","Full Rescue","No Side Effect"
"GOBP_AUTOPHAGY_OF_MITOCHONDRION","Full Rescue","No Side Effect"
"GOCC_PRECATALYTIC_SPLICEOSOME","Full Rescue","No Side Effect"
"GOBP_RIBOSOME_BIOGENESIS","Full Rescue","No Side Effect"
"GOBP_PROTON_MOTIVE_FORCE_DRIVEN_ATP_SYNTHESIS","Full Rescue","No Side Effect"
"GOBP_REGULATION_OF_MITOCHONDRIAL_MEMBRANE_PERMEABILITY_INVOLVED_IN_APOPTOTIC_PROCESS","Full Rescue","No Side Effect"
"GOMF_PROTEIN_TAG","Full Rescue","No Side Effect"
"GOBP_REGULATION_OF_PROTEIN_EXIT_FROM_ENDOPLASMIC_RETICULUM","Partial Rescue","No Side Effect"
"GOBP_CELLULAR_RESPONSE_TO_STEROL_DEPLETION","Partial Rescue","No Side Effect"
"GOBP_PROTEIN_INSERTION_INTO_ER_MEMBRANE","Partial Rescue","No Side Effect"
"GOBP_NEGATIVE_REGULATION_OF_UBIQUITIN_PROTEIN_LIGASE_ACTIVITY","Full Rescue","No Side Effect"
"GOBP_SNO_S_RNA_METABOLIC_PROCESS","Full Rescue","No Side Effect"
"GOMF_UBIQUITIN_PROTEIN_TRANSFERASE_REGULATOR_ACTIVITY","Full Rescue","No Side Effect"
"GOMF_RIBOSOME_BINDING","Full Rescue","No Side Effect"
"GOBP_RRNA_METABOLIC_PROCESS","Full Rescue","No Side Effect"
"GOBP_NEGATIVE_REGULATION_OF_ENDOPLASMIC_RETICULUM_STRESS_INDUCED_INTRINSIC_APOPTOTIC_SIGNALING_PATHWAY","Partial Rescue","No Side Effect"
"GOBP_CHAPERONE_MEDIATED_PROTEIN_FOLDING","Partial Rescue","No Side Effect"
"GOCC_PROTEASOME_REGULATORY_PARTICLE","Full Rescue","No Side Effect"
"GOBP_AMIDE_BIOSYNTHETIC_PROCESS","Full Rescue","No Side Effect"
"GOBP_PYRIMIDINE_NUCLEOSIDE_DIPHOSPHATE_BIOSYNTHETIC_PROCESS","Full Rescue","No Side Effect"
"GOBP_MITOCHONDRIAL_ELECTRON_TRANSPORT_NADH_TO_UBIQUINONE","Full Rescue","No Side Effect"
"GOBP_PROTEIN_TRANSMEMBRANE_IMPORT_INTO_INTRACELLULAR_ORGANELLE","Full Rescue","No Side Effect"
"GOBP_ATP_SYNTHESIS_COUPLED_ELECTRON_TRANSPORT","Full Rescue","No Side Effect"
"GOBP_ENDOSOME_ORGANIZATION","Full Rescue","No Side Effect"
"GOBP_LATE_ENDOSOME_TO_VACUOLE_TRANSPORT_VIA_MULTIVESICULAR_BODY_SORTING_PATHWAY","Full Rescue","No Side Effect"
"GOBP_DENDRITE_ARBORIZATION","Full Rescue","No Side Effect"
"GOBP_MITOCHONDRIAL_ELECTRON_TRANSPORT_CYTOCHROME_C_TO_OXYGEN","Full Rescue","No Side Effect"
"GOBP_RIBONUCLEOSIDE_DIPHOSPHATE_BIOSYNTHETIC_PROCESS","Partial Rescue","No Side Effect"
"GOBP_PROTEIN_FOLDING","Partial Rescue","No Side Effect"
"GOBP_NEGATIVE_REGULATION_OF_NATURAL_KILLER_CELL_MEDIATED_IMMUNITY","Partial Rescue","No Side Effect"
"GOBP_NEGATIVE_REGULATION_OF_COLLAGEN_METABOLIC_PROCESS","Partial Rescue","No Side Effect"
"GOMF_OXIDOREDUCTION_DRIVEN_ACTIVE_TRANSMEMBRANE_TRANSPORTER_ACTIVITY","Full Rescue","No Side Effect"
"GOBP_POSITIVE_REGULATION_OF_TELOMERASE_RNA_LOCALIZATION_TO_CAJAL_BODY","Full Rescue","No Side Effect"
"GOBP_INTRACELLULAR_PROTEIN_TRANSMEMBRANE_TRANSPORT","Partial Rescue","No Side Effect"
"GOBP_LATE_ENDOSOME_TO_VACUOLE_TRANSPORT","Full Rescue","No Side Effect"
"GOBP_MULTIVESICULAR_BODY_SORTING_PATHWAY","Full Rescue","No Side Effect"
"GOBP_RIBONUCLEOPROTEIN_COMPLEX_LOCALIZATION","Full Rescue","No Side Effect"
"GOMF_PROTEIN_TRANSPORTER_ACTIVITY","Full Rescue","No Side Effect"
"GOCC_INNER_MITOCHONDRIAL_MEMBRANE_PROTEIN_COMPLEX","Full Rescue","No Side Effect"
"GOBP_REGULATION_OF_RETROGRADE_PROTEIN_TRANSPORT_ER_TO_CYTOSOL","Partial Rescue","No Side Effect"
"GOCC_PROTEASOME_CORE_COMPLEX_ALPHA_SUBUNIT_COMPLEX","Full Rescue","No Side Effect"
"GOMF_TRANSLATION_ELONGATION_FACTOR_ACTIVITY","Partial Rescue","No Side Effect"
"GOMF_CERAMIDE_BINDING","Partial Rescue","No Side Effect"
"GOBP_NEGATIVE_REGULATION_OF_HEMATOPOIETIC_STEM_CELL_DIFFERENTIATION","Full Rescue","No Side Effect"
"GOBP_CIRCADIAN_SLEEP_WAKE_CYCLE","Full Rescue","No Side Effect"
"GOCC_CYTOCHROME_COMPLEX","Full Rescue","No Side Effect"
"GOBP_MITOCHONDRIAL_OUTER_MEMBRANE_PERMEABILIZATION_INVOLVED_IN_PROGRAMMED_CELL_DEATH","Partial Rescue","No Side Effect"
"GOBP_REGULATION_OF_ENDOPLASMIC_RETICULUM_UNFOLDED_PROTEIN_RESPONSE","Partial Rescue","No Side Effect"
"GOBP_POSITIVE_REGULATION_OF_MEMBRANE_PERMEABILITY","Full Rescue","No Side Effect"
"GOBP_PIGMENT_GRANULE_MATURATION","Partial Rescue","No Side Effect"
"GOBP_PROTEIN_INSERTION_INTO_MEMBRANE","Full Rescue","No Side Effect"
"GOBP_OXIDATIVE_PHOSPHORYLATION","Full Rescue","No Side Effect"
"GOBP_AMIDE_METABOLIC_PROCESS","Full Rescue","No Side Effect"
"GOBP_POSITIVE_REGULATION_OF_GLYCOGEN_STARCH_SYNTHASE_ACTIVITY","Partial Rescue","No Side Effect"
"GOBP_POSITIVE_REGULATION_OF_EXOSOMAL_SECRETION","Full Rescue","No Side Effect"
"GOMF_PROTEIN_CARRIER_CHAPERONE","Full Rescue","No Side Effect"
"GOBP_REGULATION_OF_PROTEIN_NEDDYLATION","Full Rescue","No Side Effect"
"GOMF_OXIDOREDUCTASE_ACTIVITY_ACTING_ON_A_HEME_GROUP_OF_DONORS","Full Rescue","No Side Effect"
"GOCC_90S_PRERIBOSOME","Full Rescue","No Side Effect"
"GOCC_PROTEASOME_ACCESSORY_COMPLEX","Full Rescue","No Side Effect"
"GOMF_ENONE_REDUCTASE_ACTIVITY","Partial Rescue","No Side Effect"
"GOCC_MITOCHONDRIAL_PROTEIN_CONTAINING_COMPLEX","Full Rescue","No Side Effect"
"GOBP_CELLULAR_MACROMOLECULE_BIOSYNTHETIC_PROCESS","Full Rescue","No Side Effect"
"GOMF_SEQUENCE_SPECIFIC_SINGLE_STRANDED_DNA_BINDING","Full Rescue","No Side Effect"
"GOCC_COPI_COATED_VESICLE","Partial Rescue","No Side Effect"
"GOBP_MULTIVESICULAR_BODY_ORGANIZATION","Full Rescue","No Side Effect"
"GOBP_NEGATIVE_REGULATION_OF_RESPIRATORY_BURST_INVOLVED_IN_INFLAMMATORY_RESPONSE","Full Rescue","No Side Effect"
"GOMF_ARP2_3_COMPLEX_BINDING","Full Rescue","No Side Effect"
"GOCC_CIA_COMPLEX","Full Rescue","No Side Effect"
"GOMF_METALLOCHAPERONE_ACTIVITY","Full Rescue","No Side Effect"
"GOCC_RESPIRASOME","Full Rescue","No Side Effect"
"GOBP_PEROXISOMAL_TRANSPORT","Full Rescue","No Side Effect"
"GOBP_REGULATION_OF_TRANSLATION_INITIATION_IN_RESPONSE_TO_ENDOPLASMIC_RETICULUM_STRESS","Partial Rescue","No Side Effect"
"GOBP_REGULATION_OF_FOREBRAIN_NEURON_DIFFERENTIATION","Partial Rescue","No Side Effect"
"GOCC_RESPIRATORY_CHAIN_COMPLEX_IV","Full Rescue","No Side Effect"
"GOMF_PRIMARY_ACTIVE_TRANSMEMBRANE_TRANSPORTER_ACTIVITY","Full Rescue","No Side Effect"
"GOBP_NUCLEOTIDE_TRANSMEMBRANE_TRANSPORT","Full Rescue","No Side Effect"
"GOCC_NADH_DEHYDROGENASE_COMPLEX","Full Rescue","No Side Effect"
"GOBP_POSITIVE_REGULATION_OF_INCLUSION_BODY_ASSEMBLY","Full Rescue","No Side Effect"
"GOBP_REGULATION_OF_CELL_GROWTH_INVOLVED_IN_CARDIAC_MUSCLE_CELL_DEVELOPMENT","Full Rescue","No Side Effect"
"GOBP_NUCLEOSIDE_DIPHOSPHATE_BIOSYNTHETIC_PROCESS","Partial Rescue","No Side Effect"
"GOBP_NEGATIVE_REGULATION_OF_ENDOPLASMIC_RETICULUM_UNFOLDED_PROTEIN_RESPONSE","Partial Rescue","No Side Effect"
"GOBP_CHAPERONE_COFACTOR_DEPENDENT_PROTEIN_REFOLDING","Partial Rescue","No Side Effect"
"GOBP_NEGATIVE_REGULATION_OF_PROTEIN_AUTOPHOSPHORYLATION","Partial Rescue","No Side Effect"
"GOBP_TISSUE_REGENERATION","Partial Rescue","No Side Effect"
"GOBP_REGULATION_OF_NON_MEMBRANE_SPANNING_PROTEIN_TYROSINE_KINASE_ACTIVITY","Full Rescue","No Side Effect"
"GOBP_PROTEIN_TARGETING","Full Rescue","No Side Effect"
"GOCC_COPI_COATED_VESICLE_MEMBRANE","Partial Rescue","No Side Effect"
"GOBP_DE_NOVO_PROTEIN_FOLDING","Partial Rescue","No Side Effect"
"GOBP_PROTEIN_LOCALIZATION_TO_MITOCHONDRION","Full Rescue","No Side Effect"
"GOBP_NEGATIVE_REGULATION_OF_RESPONSE_TO_BIOTIC_STIMULUS","Partial Rescue","No Side Effect"
"GOBP_POSITIVE_REGULATION_OF_INTRINSIC_APOPTOTIC_SIGNALING_PATHWAY","Partial Rescue","No Side Effect"
"GOBP_POSITIVE_REGULATION_OF_RESPONSE_TO_ENDOPLASMIC_RETICULUM_STRESS","Partial Rescue","No Side Effect"
"GOBP_PROTEIN_TARGETING_TO_MITOCHONDRION","Full Rescue","No Side Effect"
"GOMF_NAD_P_H_DEHYDROGENASE_QUINONE_ACTIVITY","Full Rescue","No Side Effect"
"GOBP_RNA_POLYMERASE_II_PREINITIATION_COMPLEX_ASSEMBLY","Full Rescue","No Side Effect"
"GOBP_INTRINSIC_APOPTOTIC_SIGNALING_PATHWAY_IN_RESPONSE_TO_ENDOPLASMIC_RETICULUM_STRESS","Partial Rescue","No Side Effect"
"GOCC_INTRACELLULAR_CYCLIC_NUCLEOTIDE_ACTIVATED_CATION_CHANNEL_COMPLEX","Full Rescue","No Side Effect"
"GOBP_PIGMENT_ACCUMULATION","Full Rescue","No Side Effect"
"GOBP_RIBOSOME_ASSOCIATED_UBIQUITIN_DEPENDENT_PROTEIN_CATABOLIC_PROCESS","Full Rescue","No Side Effect"
"GOCC_CYTOLYTIC_GRANULE","Full Rescue","No Side Effect"
"GOBP_ENDOPLASMIC_RETICULUM_TO_GOLGI_VESICLE_MEDIATED_TRANSPORT","Partial Rescue","No Side Effect"
"GOCC_ER_MEMBRANE_INSERTION_COMPLEX","Partial Rescue","No Side Effect"
"GOCC_MMXD_COMPLEX","Full Rescue","No Side Effect"
"GOBP_REGULATION_OF_PROTEIN_STABILITY","Partial Rescue","No Side Effect"
"GOBP_POSITIVE_REGULATION_OF_RNA_BINDING","Partial Rescue","No Side Effect"
"GOBP_PROTEIN_STABILIZATION","Partial Rescue","No Side Effect"
"GOBP_POSITIVE_REGULATION_OF_CELLULAR_SENESCENCE","Full Rescue","No Side Effect"
"GOBP_POSITIVE_REGULATION_OF_ERAD_PATHWAY","Partial Rescue","No Side Effect"
"GOBP_RESCUE_OF_STALLED_RIBOSOME","Full Rescue","No Side Effect"
"GOBP_REGULATION_OF_RRNA_PROCESSING","Full Rescue","No Side Effect"
"GOCC_OXIDOREDUCTASE_COMPLEX","Full Rescue","No Side Effect"
"GOBP_COTRANSLATIONAL_PROTEIN_TARGETING_TO_MEMBRANE","Partial Rescue","No Side Effect"
"GOBP_BINDING_OF_SPERM_TO_ZONA_PELLUCIDA","Full Rescue","No Side Effect"
"GOBP_POSITIVE_REGULATION_OF_RRNA_PROCESSING","Full Rescue","No Side Effect"
"GOBP_RESPONSE_TO_STEROL_DEPLETION","Partial Rescue","No Side Effect"
"GOCC_EUKARYOTIC_TRANSLATION_INITIATION_FACTOR_2B_COMPLEX","Full Rescue","No Side Effect"
"GOBP_POSITIVE_REGULATION_OF_CELLULAR_RESPONSE_TO_INSULIN_STIMULUS","Partial Rescue","No Side Effect"
"GOBP_POSITIVE_REGULATION_OF_VESICLE_FUSION","Full Rescue","No Side Effect"
"GOBP_POSITIVE_REGULATION_OF_TRANSCRIPTION_ELONGATION_BY_RNA_POLYMERASE_II","Full Rescue","No Side Effect"
"GOBP_TELOMERASE_RNA_LOCALIZATION","Full Rescue","No Side Effect"
"GOBP_PROTEIN_NEDDYLATION","Full Rescue","No Side Effect"
"GOBP_PROTEIN_IMPORT_INTO_MITOCHONDRIAL_MATRIX","Full Rescue","No Side Effect"
"GOCC_ENDOPLASMIC_RETICULUM_PROTEIN_CONTAINING_COMPLEX","Partial Rescue","No Side Effect"
"GOMF_5S_RRNA_BINDING","Full Rescue","No Side Effect"
"GOBP_POSITIVE_REGULATION_OF_SIGNAL_TRANSDUCTION_BY_P53_CLASS_MEDIATOR","Partial Rescue","No Side Effect"
"GOBP_VESICLE_CARGO_LOADING","Partial Rescue","No Side Effect"
"GOBP_REGULATION_OF_NUCLEASE_ACTIVITY","Full Rescue","No Side Effect"
"GOBP_NUCLEOTIDE_TRANSPORT","Full Rescue","No Side Effect"
"GOMF_ELECTRON_TRANSFER_ACTIVITY","Full Rescue","No Side Effect"
"GOBP_GLYCEROPHOSPHOLIPID_CATABOLIC_PROCESS","Full Rescue","No Side Effect"
"GOCC_SHELTERIN_COMPLEX","Full Rescue","No Side Effect"
"GOBP_RESPONSE_TO_TOPOLOGICALLY_INCORRECT_PROTEIN","Partial Rescue","No Side Effect"
"GOBP_NATURAL_KILLER_CELL_DEGRANULATION","Partial Rescue","No Side Effect"
"GOBP_REGULATION_OF_PRESYNAPTIC_CYTOSOLIC_CALCIUM_ION_CONCENTRATION","Full Rescue","No Side Effect"
"GOBP_REGULATION_OF_ERAD_PATHWAY","Full Rescue","No Side Effect"
"GOMF_ADENYLYLTRANSFERASE_ACTIVITY","Full Rescue","No Side Effect"
"GOBP_POSITIVE_REGULATION_OF_PROTEIN_DEUBIQUITINATION","Partial Rescue","No Side Effect"
"GOBP_REGULATION_OF_CYTOSOLIC_CALCIUM_ION_CONCENTRATION","Full Rescue","No Side Effect"
"GOCC_LSM1_7_PAT1_COMPLEX","Full Rescue","No Side Effect"
"GOCC_MITOCHONDRIAL_TRICARBOXYLIC_ACID_CYCLE_ENZYME_COMPLEX","Full Rescue","No Side Effect"
"GOMF_SMALL_RIBOSOMAL_SUBUNIT_RRNA_BINDING","Full Rescue","No Side Effect"
"GOMF_CYCLIC_NUCLEOTIDE_BINDING","Partial Rescue","No Side Effect"
"GOBP_ESTABLISHMENT_OF_PROTEIN_LOCALIZATION_TO_ORGANELLE","Full Rescue","No Side Effect"
"GOCC_TIM23_MITOCHONDRIAL_IMPORT_INNER_MEMBRANE_TRANSLOCASE_COMPLEX","Full Rescue","No Side Effect"
"GOBP_RESPIRATORY_ELECTRON_TRANSPORT_CHAIN","Full Rescue","No Side Effect"
"GOBP_AEROBIC_RESPIRATION","Full Rescue","No Side Effect"
"GOBP_PROTEIN_DELIPIDATION","Full Rescue","No Side Effect"
"GOMF_JUN_KINASE_BINDING","Partial Rescue","No Side Effect"
"GOBP_PERK_MEDIATED_UNFOLDED_PROTEIN_RESPONSE","Partial Rescue","No Side Effect"
"GOCC_GOLGI_MEDIAL_CISTERNA","Partial Rescue","No Side Effect"
"GOBP_RESPIRATORY_BURST_INVOLVED_IN_DEFENSE_RESPONSE","Full Rescue","No Side Effect"
"GOBP_PROTEIN_EXPORT_FROM_NUCLEUS","Full Rescue","No Side Effect"
"GOBP_RESPONSE_TO_MISFOLDED_PROTEIN","Full Rescue","No Side Effect"
"GOBP_NUCLEAR_TRANSCRIBED_MRNA_CATABOLIC_PROCESS_DEADENYLATION_INDEPENDENT_DECAY","Full Rescue","No Side Effect"
"GOBP_ER_ASSOCIATED_MISFOLDED_PROTEIN_CATABOLIC_PROCESS","Full Rescue","No Side Effect"
"GOBP_PROTEIN_IMPORT_INTO_PEROXISOME_MATRIX","Full Rescue","No Side Effect"
"GOBP_NEGATIVE_REGULATION_OF_INNATE_IMMUNE_RESPONSE","Partial Rescue","No Side Effect"
"GOBP_POSITIVE_REGULATION_OF_PROTEIN_EXPORT_FROM_NUCLEUS","Full Rescue","No Side Effect"
"GOBP_REGULATION_OF_PROTEIN_EXPORT_FROM_NUCLEUS","Full Rescue","No Side Effect"
"GOMF_STEROL_TRANSFER_ACTIVITY","Full Rescue","No Side Effect"
"GOCC_ORGANELLE_MEMBRANE_CONTACT_SITE","Partial Rescue","No Side Effect"
"GOBP_ORGANELLE_DISASSEMBLY","Full Rescue","No Side Effect"
"GOCC_VOLTAGE_GATED_CALCIUM_CHANNEL_COMPLEX","Full Rescue","No Side Effect"
"GOCC_MANNOSYLTRANSFERASE_COMPLEX","Full Rescue","No Side Effect"
"GOCC_POSTSYNAPTIC_DENSITY_INTRACELLULAR_COMPONENT","Full Rescue","No Side Effect"
"GOBP_PROTON_TRANSMEMBRANE_TRANSPORT","Full Rescue","No Side Effect"
"GOBP_NEGATIVE_REGULATION_OF_DENDRITE_MORPHOGENESIS","Full Rescue","No Side Effect"
"GOMF_ADENYL_NUCLEOTIDE_EXCHANGE_FACTOR_ACTIVITY","Full Rescue","No Side Effect"
"GOMF_MDM2_MDM4_FAMILY_PROTEIN_BINDING","Full Rescue","No Side Effect"
"GOCC_ENDOPLASMIC_RETICULUM_GOLGI_INTERMEDIATE_COMPARTMENT","Partial Rescue","No Side Effect"
"GOBP_ORGANONITROGEN_COMPOUND_BIOSYNTHETIC_PROCESS","Full Rescue","No Side Effect"
"GOBP_REGULATION_OF_RNA_POLYMERASE_II_REGULATORY_REGION_SEQUENCE_SPECIFIC_DNA_BINDING","Partial Rescue","No Side Effect"
"GOCC_OLIGOSACCHARYLTRANSFERASE_COMPLEX","Partial Rescue","No Side Effect"
"GOMF_CGMP_BINDING","Partial Rescue","No Side Effect"
"GOBP_SNRNA_MODIFICATION","Partial Rescue","No Side Effect"
"GOBP_POSITIVE_REGULATION_OF_INTRINSIC_APOPTOTIC_SIGNALING_PATHWAY_BY_P53_CLASS_MEDIATOR","Partial Rescue","No Side Effect"
"GOBP_REGULATION_OF_TRANSCRIPTION_ELONGATION_BY_RNA_POLYMERASE_II","Full Rescue","No Side Effect"
"GOBP_PROTEIN_TRANSPORT_TO_VACUOLE_INVOLVED_IN_UBIQUITIN_DEPENDENT_PROTEIN_CATABOLIC_PROCESS_VIA_THE_MULTIVESICULAR_BODY_SORTING_PATHWAY","Full Rescue","No Side Effect"
"GOBP_NEGATIVE_REGULATION_OF_INTRACELLULAR_PROTEIN_TRANSPORT","Partial Rescue","No Side Effect"
"GOCC_LATE_ENDOSOME_MEMBRANE","Full Rescue","No Side Effect"
"GOBP_ALPHA_LINOLENIC_ACID_METABOLIC_PROCESS","Partial Rescue","No Side Effect"
"GOBP_ESTABLISHMENT_OF_PROTEIN_LOCALIZATION_TO_ENDOPLASMIC_RETICULUM","Partial Rescue","No Side Effect"
"GOBP_PEPTIDYL_DIPHTHAMIDE_BIOSYNTHETIC_PROCESS_FROM_PEPTIDYL_HISTIDINE","Full Rescue","No Side Effect"
"GOBP_MITOCHONDRIAL_TRANSMEMBRANE_TRANSPORT","Full Rescue","No Side Effect"
"GOCC_CATENIN_COMPLEX","Full Rescue","No Side Effect"
"GOBP_IRON_SULFUR_CLUSTER_ASSEMBLY","Full Rescue","No Side Effect"
"GOBP_POSITIVE_REGULATION_OF_BEHAVIOR","Partial Rescue","No Side Effect"
"GOBP_PEROXISOME_ORGANIZATION","Full Rescue","No Side Effect"
"GOCC_ENDOPLASMIC_RETICULUM_EXIT_SITE","Partial Rescue","No Side Effect"
"GOBP_NEGATIVE_REGULATION_OF_IRE1_MEDIATED_UNFOLDED_PROTEIN_RESPONSE","Partial Rescue","No Side Effect"
"GOBP_VESICLE_TARGETING_TO_FROM_OR_WITHIN_GOLGI","Partial Rescue","No Side Effect"
"GOBP_REGULATION_OF_TRANSLATION_IN_RESPONSE_TO_ENDOPLASMIC_RETICULUM_STRESS","Partial Rescue","No Side Effect"
"GOBP_BRONCHUS_DEVELOPMENT","Partial Rescue","No Side Effect"
"GOBP_REGULATION_OF_IRE1_MEDIATED_UNFOLDED_PROTEIN_RESPONSE","Partial Rescue","No Side Effect"
"GOBP_LIPOPROTEIN_METABOLIC_PROCESS","Full Rescue","No Side Effect"
"GOBP_CELL_CELL_JUNCTION_DISASSEMBLY","Full Rescue","No Side Effect"
"GOBP_INTRA_GOLGI_VESICLE_MEDIATED_TRANSPORT","Partial Rescue","No Side Effect"
"GOBP_CELL_CELL_RECOGNITION","Full Rescue","No Side Effect"
"GOMF_ATPASE_BINDING","Partial Rescue","No Side Effect"
"GOBP_ENDONUCLEOLYTIC_CLEAVAGE_IN_ITS1_TO_SEPARATE_SSU_RRNA_FROM_5_8S_RRNA_AND_LSU_RRNA_FROM_TRICISTRONIC_RRNA_TRANSCRIPT_SSU_RRNA_5_8S_RRNA_LSU_RRNA","Full Rescue","No Side Effect"
"GOBP_REGULATION_OF_MEMBRANE_PERMEABILITY","Partial Rescue","No Side Effect"
"GOCC_BOX_H_ACA_TELOMERASE_RNP_COMPLEX","Partial Rescue","No Side Effect"
"GOBP_VESICLE_TARGETING_ROUGH_ER_TO_CIS_GOLGI","Partial Rescue","No Side Effect"
"GOCC_PHAGOPHORE_ASSEMBLY_SITE","Full Rescue","No Side Effect"
"GOBP_MITOCHONDRIAL_TRANSPORT","Full Rescue","No Side Effect"
"GOMF_SPHINGOLIPID_BINDING","Partial Rescue","No Side Effect"
"GOBP_ENDONUCLEOLYTIC_CLEAVAGE_INVOLVED_IN_RRNA_PROCESSING","Full Rescue","No Side Effect"
"GOCC_MITOCHONDRIAL_ALPHA_KETOGLUTARATE_DEHYDROGENASE_COMPLEX","Full Rescue","No Side Effect"
"GOBP_NEGATIVE_REGULATION_OF_SYNAPTIC_TRANSMISSION_GABAERGIC","Partial Rescue","No Side Effect"
"GOCC_RNA_POLYMERASE_II_CORE_COMPLEX","Full Rescue","No Side Effect"
"GOBP_REGULATION_OF_INTRACELLULAR_PROTEIN_TRANSPORT","Full Rescue","No Side Effect"
"GOBP_REGULATION_OF_TRANSLATIONAL_ELONGATION","Full Rescue","No Side Effect"
"GOBP_PROTEIN_LOCALIZATION_TO_ENDOPLASMIC_RETICULUM","Partial Rescue","No Side Effect"
"GOBP_CHONDROCYTE_DEVELOPMENT_INVOLVED_IN_ENDOCHONDRAL_BONE_MORPHOGENESIS","Partial Rescue","No Side Effect"
"GOBP_CELLULAR_RESPONSE_TO_TOPOLOGICALLY_INCORRECT_PROTEIN","Partial Rescue","No Side Effect"
"GOBP_AGGREPHAGY","Partial Rescue","No Side Effect"
"GOMF_UBIQUITIN_SPECIFIC_PROTEASE_BINDING","Full Rescue","No Side Effect"
"GOBP_CHAPERONE_MEDIATED_PROTEIN_COMPLEX_ASSEMBLY","Partial Rescue","No Side Effect"
"GOBP_MITOCHONDRIAL_FUSION","Full Rescue","No Side Effect"
"GOBP_POLYAMINE_BIOSYNTHETIC_PROCESS","Full Rescue","No Side Effect"
"GOCC_PROTEIN_PHOSPHATASE_TYPE_1_COMPLEX","Full Rescue","No Side Effect"
"GOBP_ER_NUCLEUS_SIGNALING_PATHWAY","Partial Rescue","No Side Effect"
"GOBP_REGULATION_OF_PERK_MEDIATED_UNFOLDED_PROTEIN_RESPONSE","Partial Rescue","No Side Effect"
"GOBP_VIRAL_TRANSLATION","Full Rescue","No Side Effect"
"GOBP_RETROGRADE_TRANSPORT_VESICLE_RECYCLING_WITHIN_GOLGI","Partial Rescue","No Side Effect"
"GOCC_FICOLIN_1_RICH_GRANULE_LUMEN","Partial Rescue","No Side Effect"
"GOBP_REGULATION_OF_MACROAUTOPHAGY","Full Rescue","No Side Effect"
"GOBP_MACROAUTOPHAGY","Full Rescue","No Side Effect"
"GOCC_ORGANELLE_INNER_MEMBRANE","Full Rescue","No Side Effect"
"GOBP_ERAD_PATHWAY","Partial Rescue","No Side Effect"
"GOBP_NEGATIVE_REGULATION_BY_HOST_OF_VIRAL_TRANSCRIPTION","Full Rescue","No Side Effect"
"GOMF_E_BOX_BINDING","Partial Rescue","No Side Effect"
"GOBP_ADIPONECTIN_ACTIVATED_SIGNALING_PATHWAY","Partial Rescue","No Side Effect"
"GOBP_PYRUVATE_TRANSMEMBRANE_TRANSPORT","Full Rescue","No Side Effect"
"GOBP_INTESTINAL_LIPID_ABSORPTION","Full Rescue","No Side Effect"
"GOCC_MITOCHONDRIAL_ENVELOPE","Full Rescue","No Side Effect"
"GOBP_SRP_DEPENDENT_COTRANSLATIONAL_PROTEIN_TARGETING_TO_MEMBRANE","Partial Rescue","No Side Effect"
"GOMF_RNA_POLYMERASE_II_ACTIVITY","Full Rescue","No Side Effect"
"GOBP_REGULATION_OF_DEVELOPMENT_HETEROCHRONIC","Full Rescue","No Side Effect"
"GOBP_NEGATIVE_REGULATION_OF_DNA_TEMPLATED_TRANSCRIPTION_ELONGATION","Full Rescue","No Side Effect"
"GOBP_GROWTH_PLATE_CARTILAGE_CHONDROCYTE_DEVELOPMENT","Partial Rescue","No Side Effect"
"GOBP_VESICLE_TETHERING","Full Rescue","No Side Effect"
"GOBP_INTRACELLULAR_PROTEIN_TRANSPORT","Full Rescue","No Side Effect"
"GOMF_HSP70_PROTEIN_BINDING","Partial Rescue","No Side Effect"
"GOBP_EARLY_ENDOSOME_TO_GOLGI_TRANSPORT","Partial Rescue","No Side Effect"
"GOCC_LATE_ENDOSOME","Partial Rescue","No Side Effect"
"GOBP_PROTEASOMAL_PROTEIN_CATABOLIC_PROCESS","Partial Rescue","No Side Effect"
"GOBP_LIPOPROTEIN_BIOSYNTHETIC_PROCESS","Full Rescue","No Side Effect"
"GOBP_REGULATION_OF_MITOCHONDRIAL_MEMBRANE_PERMEABILITY","Full Rescue","No Side Effect"
"GOBP_GLIAL_CELL_FATE_COMMITMENT","Full Rescue","No Side Effect"
"GOBP_FOAM_CELL_DIFFERENTIATION","Partial Rescue","No Side Effect"
"GOBP_REGULATION_OF_TRANSLATIONAL_INITIATION_IN_RESPONSE_TO_STRESS","Partial Rescue","No Side Effect"
"GOBP_CELLULAR_RESPONSE_TO_THYROID_HORMONE_STIMULUS","Partial Rescue","No Side Effect"
"GOBP_MITOCHONDRION_ORGANIZATION","Full Rescue","No Side Effect"
"GOBP_RETROGRADE_VESICLE_MEDIATED_TRANSPORT_GOLGI_TO_ENDOPLASMIC_RETICULUM","Partial Rescue","No Side Effect"
"GOMF_PYROPHOSPHATE_HYDROLYSIS_DRIVEN_PROTON_TRANSMEMBRANE_TRANSPORTER_ACTIVITY","Full Rescue","No Side Effect"
"GOMF_CYCLOSPORIN_A_BINDING","Full Rescue","No Side Effect"
"GOBP_NEURAL_CREST_FORMATION","Partial Rescue","No Side Effect"
"GOBP_POSITIVE_REGULATION_OF_ER_ASSOCIATED_UBIQUITIN_DEPENDENT_PROTEIN_CATABOLIC_PROCESS","Partial Rescue","No Side Effect"
"GOMF_PROTEIN_HETERODIMERIZATION_ACTIVITY","Partial Rescue","No Side Effect"
"GOBP_ATP_TRANSPORT","Partial Rescue","No Side Effect"
"GOBP_GAMMA_AMINOBUTYRIC_ACID_TRANSPORT","Partial Rescue","No Side Effect"
"GOBP_MESENCHYMAL_TO_EPITHELIAL_TRANSITION","Partial Rescue","No Side Effect"
"GOBP_RESPONSE_TO_ENDOPLASMIC_RETICULUM_STRESS","Partial Rescue","No Side Effect"
"GOBP_NEGATIVE_REGULATION_OF_DEFENSE_RESPONSE_TO_VIRUS","Partial Rescue","No Side Effect"
"GOBP_OTIC_VESICLE_MORPHOGENESIS","Full Rescue","No Side Effect"
"GOBP_CELLULAR_RESPONSE_TO_UNFOLDED_PROTEIN","Partial Rescue","No Side Effect"
"GOBP_ELECTRON_TRANSPORT_CHAIN","Full Rescue","No Side Effect"
"GOMF_OXIDOREDUCTASE_ACTIVITY_ACTING_ON_NAD_P_H","Full Rescue","No Side Effect"
"GOCC_CYTOPLASMIC_UBIQUITIN_LIGASE_COMPLEX","Partial Rescue","No Side Effect"
"GOBP_POSITIVE_REGULATION_OF_TOR_SIGNALING","Full Rescue","No Side Effect"
"GOCC_AMPHISOME","Full Rescue","No Side Effect"
"GOBP_REGULATION_OF_INTRACELLULAR_TRANSPORT","Full Rescue","No Side Effect"
"GOCC_CHAPERONE_COMPLEX","Full Rescue","No Side Effect"
"GOBP_OTOLITH_DEVELOPMENT","Partial Rescue","No Side Effect"
"GOMF_SULFURTRANSFERASE_ACTIVITY","Full Rescue","No Side Effect"
"GOCC_COPI_VESICLE_COAT","Partial Rescue","No Side Effect"
"GOBP_REGULATION_OF_MITOCHONDRIAL_OUTER_MEMBRANE_PERMEABILIZATION_INVOLVED_IN_APOPTOTIC_SIGNALING_PATHWAY","Partial Rescue","No Side Effect"
"GOCC_POSTSYNAPTIC_SPECIALIZATION_INTRACELLULAR_COMPONENT","Full Rescue","No Side Effect"
"GOBP_RESPONSE_TO_INTERLEUKIN_4","Full Rescue","No Side Effect"
"GOBP_ENDOPLASMIC_RETICULUM_MEMBRANE_ORGANIZATION","Full Rescue","No Side Effect"
"GOBP_REGULATION_OF_OXIDATIVE_PHOSPHORYLATION","Partial Rescue","No Side Effect"
"GOBP_ORGANELLE_INHERITANCE","Full Rescue","No Side Effect"
"GOBP_NEGATIVE_REGULATION_OF_MITOCHONDRIAL_OUTER_MEMBRANE_PERMEABILIZATION_INVOLVED_IN_APOPTOTIC_SIGNALING_PATHWAY","Partial Rescue","No Side Effect"
"GOBP_CELLULAR_MACROMOLECULE_CATABOLIC_PROCESS","Full Rescue","No Side Effect"
"GOBP_GOLGI_VESICLE_TRANSPORT","Partial Rescue","No Side Effect"
"GOCC_NUCLEOID","Full Rescue","No Side Effect"
"GOBP_CELLULAR_RESPIRATION","Full Rescue","No Side Effect"
"GOCC_GRANULAR_COMPONENT","Full Rescue","No Side Effect"
"GOBP_COPII_COATED_VESICLE_BUDDING","Partial Rescue","No Side Effect"
"GOMF_STRUCTURAL_MOLECULE_ACTIVITY","Partial Rescue","No Side Effect"
"GOBP_POSITIVE_REGULATION_OF_MACROAUTOPHAGY","Partial Rescue","No Side Effect"
"GOMF_CYCLIC_NUCLEOTIDE_PHOSPHODIESTERASE_ACTIVITY","Partial Rescue","No Side Effect"
"GOBP_PHOSPHATIDYLCHOLINE_BIOSYNTHETIC_PROCESS","Partial Rescue","No Side Effect"
"GOBP_REGULATION_OF_PROTEIN_FOLDING","Full Rescue","No Side Effect"
"GOBP_POSITIVE_REGULATION_OF_TRANSCRIPTION_REGULATORY_REGION_DNA_BINDING","Partial Rescue","No Side Effect"
"GOBP_TRANS_SYNAPTIC_SIGNALING_MODULATING_SYNAPTIC_TRANSMISSION","Full Rescue","No Side Effect"
"GOBP_SUCCINATE_METABOLIC_PROCESS","Full Rescue","No Side Effect"
"GOBP_NATURAL_KILLER_CELL_ACTIVATION","Partial Rescue","No Side Effect"
"GOMF_G_PROTEIN_ACTIVITY","Partial Rescue","No Side Effect"
"GOCC_MYELIN_SHEATH_ADAXONAL_REGION","Partial Rescue","No Side Effect"
"GOMF_STRUCTURAL_CONSTITUENT_OF_CYTOSKELETON","Full Rescue","No Side Effect"
"GOBP_CELL_DIFFERENTIATION_INVOLVED_IN_PHENOTYPIC_SWITCHING","Full Rescue","No Side Effect"
"GOCC_NUCLEOTIDE_EXCISION_REPAIR_COMPLEX","Full Rescue","No Side Effect"
"GOBP_REGULATION_OF_AEROBIC_RESPIRATION","Partial Rescue","No Side Effect"
"GOBP_CELLULAR_DETOXIFICATION_OF_ALDEHYDE","Full Rescue","No Side Effect"
"GOBP_PROTEIN_QUALITY_CONTROL_FOR_MISFOLDED_OR_INCOMPLETELY_SYNTHESIZED_PROTEINS","Full Rescue","No Side Effect"
"GOBP_REGULATION_OF_DNA_DAMAGE_RESPONSE_SIGNAL_TRANSDUCTION_BY_P53_CLASS_MEDIATOR_RESULTING_IN_TRANSCRIPTION_OF_P21_CLASS_MEDIATOR","Full Rescue","No Side Effect"
"GOBP_MACROMOLECULE_CATABOLIC_PROCESS","Full Rescue","No Side Effect"
"GOBP_CELLULAR_RESPONSE_TO_HEAT","Partial Rescue","No Side Effect"
"GOBP_MITOCHONDRIAL_MEMBRANE_ORGANIZATION","Full Rescue","No Side Effect"
"GOBP_METHYLGUANOSINE_CAP_DECAPPING","Full Rescue","No Side Effect"
"GOBP_REGULATION_OF_PROTEOLYSIS_INVOLVED_IN_PROTEIN_CATABOLIC_PROCESS","Full Rescue","No Side Effect"
"GOMF_HEAT_SHOCK_PROTEIN_BINDING","Partial Rescue","No Side Effect"
"GOBP_METANEPHRIC_TUBULE_FORMATION","Partial Rescue","No Side Effect"
"GOBP_CIRCADIAN_SLEEP_WAKE_CYCLE_REM_SLEEP","Full Rescue","No Side Effect"
"GOBP_SERTOLI_CELL_DIFFERENTIATION","Full Rescue","No Side Effect"
"GOBP_REGULATION_OF_CELLULAR_CATABOLIC_PROCESS","Full Rescue","No Side Effect"
"GOBP_REGULATION_OF_ER_ASSOCIATED_UBIQUITIN_DEPENDENT_PROTEIN_CATABOLIC_PROCESS","Partial Rescue","No Side Effect"
"GOMF_UBIQUINONE_BINDING","Full Rescue","No Side Effect"
"GOBP_ENERGY_DERIVATION_BY_OXIDATION_OF_ORGANIC_COMPOUNDS","Full Rescue","No Side Effect"
"GOBP_PROTEOLYSIS_INVOLVED_IN_PROTEIN_CATABOLIC_PROCESS","Partial Rescue","No Side Effect"
"GOMF_ATPASE_REGULATOR_ACTIVITY","Partial Rescue","No Side Effect"
"GOCC_BLOC_1_COMPLEX","Full Rescue","No Side Effect"
"GOMF_NUCLEAR_ANDROGEN_RECEPTOR_BINDING","Full Rescue","No Side Effect"
"GOBP_VACUOLE_ORGANIZATION","Full Rescue","No Side Effect"
"GOBP_POSITIVE_REGULATION_OF_INTRACELLULAR_PROTEIN_TRANSPORT","Full Rescue","No Side Effect"
"GOMF_CHAPERONE_BINDING","Partial Rescue","No Side Effect"
"GOBP_SELECTIVE_AUTOPHAGY","Partial Rescue","No Side Effect"
"GOMF_UBIQUITIN_LIKE_PROTEIN_LIGASE_BINDING","Full Rescue","No Side Effect"
"GOBP_UBIQUITIN_DEPENDENT_ERAD_PATHWAY","Partial Rescue","No Side Effect"
"GOBP_AUTOPHAGOSOME_ORGANIZATION","Full Rescue","No Side Effect"
"GOBP_REGULATION_OF_EARLY_ENDOSOME_TO_LATE_ENDOSOME_TRANSPORT","Partial Rescue","No Side Effect"
"GOBP_NEGATIVE_REGULATION_OF_PROTEIN_TARGETING_TO_MITOCHONDRION","Full Rescue","No Side Effect"
"GOBP_ACTIVATION_INDUCED_CELL_DEATH_OF_T_CELLS","Full Rescue","No Side Effect"
"GOCC_EXON_EXON_JUNCTION_COMPLEX","Full Rescue","No Side Effect"
"GOBP_ENDOPLASMIC_RETICULUM_UNFOLDED_PROTEIN_RESPONSE","Partial Rescue","No Side Effect"
"GOBP_ACTIVATION_OF_CYSTEINE_TYPE_ENDOPEPTIDASE_ACTIVITY_INVOLVED_IN_APOPTOTIC_PROCESS_BY_CYTOCHROME_C","Full Rescue","No Side Effect"
"GOBP_NEGATIVE_REGULATION_OF_GLYCOLYTIC_PROCESS","Full Rescue","No Side Effect"
"GOCC_VACUOLAR_MEMBRANE","Full Rescue","No Side Effect"
"GOBP_CYTOPLASMIC_SEQUESTERING_OF_NF_KAPPAB","Full Rescue","No Side Effect"
"GOBP_NEGATIVE_REGULATION_OF_PHAGOCYTOSIS","Partial Rescue","No Side Effect"
"GOBP_REGULATION_OF_SEROTONIN_SECRETION","Full Rescue","No Side Effect"
"GOBP_NEGATIVE_REGULATION_OF_VOLTAGE_GATED_POTASSIUM_CHANNEL_ACTIVITY","Full Rescue","No Side Effect"
"GOBP_REGULATION_OF_UBIQUITIN_DEPENDENT_PROTEIN_CATABOLIC_PROCESS","Full Rescue","No Side Effect"
"GOBP_FEEDING_BEHAVIOR","Full Rescue","No Side Effect"
"GOBP_NEGATIVE_REGULATION_OF_JUN_KINASE_ACTIVITY","Partial Rescue","No Side Effect"
"GOBP_UBIQUITIN_DEPENDENT_PROTEIN_CATABOLIC_PROCESS_VIA_THE_C_END_DEGRON_RULE_PATHWAY","Partial Rescue","No Side Effect"
"GOBP_REGULATION_OF_LYMPHOID_PROGENITOR_CELL_DIFFERENTIATION","Full Rescue","No Side Effect"
"GOBP_PURINE_NUCLEOSIDE_DIPHOSPHATE_BIOSYNTHETIC_PROCESS","Partial Rescue","No Side Effect"
"GOBP_BIOLOGICAL_PROCESS_INVOLVED_IN_INTERACTION_WITH_SYMBIONT","Partial Rescue","No Side Effect"
"GOMF_PEROXIREDOXIN_ACTIVITY","Full Rescue","No Side Effect"
"GOBP_VESICLE_COATING","Partial Rescue","No Side Effect"
"GOBP_REGULATION_OF_PROTEASOMAL_PROTEIN_CATABOLIC_PROCESS","Full Rescue","No Side Effect"
"GOBP_REGULATION_OF_PROTEIN_MODIFICATION_BY_SMALL_PROTEIN_CONJUGATION_OR_REMOVAL","Full Rescue","No Side Effect"
"GOBP_PROTECTION_FROM_NATURAL_KILLER_CELL_MEDIATED_CYTOTOXICITY","Partial Rescue","No Side Effect"
"GOBP_MITOCHONDRIAL_TRANSCRIPTION","Full Rescue","No Side Effect"
"GOBP_NEGATIVE_REGULATION_OF_INTRACELLULAR_TRANSPORT","Partial Rescue","No Side Effect"
"GOBP_POSITIVE_REGULATION_OF_INTRACELLULAR_TRANSPORT","Full Rescue","No Side Effect"
"GOBP_INTRINSIC_APOPTOTIC_SIGNALING_PATHWAY_IN_RESPONSE_TO_HYPOXIA","Partial Rescue","No Side Effect"
"GOBP_REGULATION_OF_SYSTEMIC_ARTERIAL_BLOOD_PRESSURE_BY_RENIN_ANGIOTENSIN","Full Rescue","No Side Effect"
"GOMF_TRANSCRIPTION_COREPRESSOR_BINDING","Full Rescue","No Side Effect"
"GOBP_PROTEIN_PEPTIDYL_PROLYL_ISOMERIZATION","Full Rescue","No Side Effect"
"GOBP_REGULATION_OF_MRNA_BINDING","Full Rescue","No Side Effect"
"GOBP_NEGATIVE_REGULATION_OF_CELL_KILLING","Partial Rescue","No Side Effect"
"GOBP_REGULATION_OF_TOLERANCE_INDUCTION","Partial Rescue","No Side Effect"
"GOBP_PROCESS_UTILIZING_AUTOPHAGIC_MECHANISM","Full Rescue","No Side Effect"
"GOBP_NEGATIVE_REGULATION_OF_TYPE_I_INTERFERON_PRODUCTION","Partial Rescue","No Side Effect"
"GOBP_RECEPTOR_RECYCLING","Full Rescue","No Side Effect"
"GOBP_COPII_COATED_VESICLE_CARGO_LOADING","Partial Rescue","No Side Effect"
"GOBP_NEGATIVE_REGULATION_OF_TRANSCRIPTION_FROM_RNA_POLYMERASE_II_PROMOTER_IN_RESPONSE_TO_STRESS","Partial Rescue","No Side Effect"
"GOBP_NEUROENDOCRINE_CELL_DIFFERENTIATION","Partial Rescue","No Side Effect"
"GOBP_APOPTOTIC_MITOCHONDRIAL_CHANGES","Partial Rescue","No Side Effect"
"GOBP_PROTEIN_CATABOLIC_PROCESS","Partial Rescue","No Side Effect"
"GOBP_REGULATION_OF_BROWN_FAT_CELL_DIFFERENTIATION","Partial Rescue","No Side Effect"
"GOBP_REGULATION_OF_BEHAVIOR","Full Rescue","No Side Effect"
"GOBP_REGULATION_OF_RNA_BINDING","Full Rescue","No Side Effect"
"GOCC_DNA_REPLICATION_FACTOR_A_COMPLEX","Full Rescue","No Side Effect"
"GOCC_ATG1_ULK1_KINASE_COMPLEX","Full Rescue","No Side Effect"
"GOBP_REGULATION_OF_GAMMA_AMINOBUTYRIC_ACID_SECRETION","Full Rescue","No Side Effect"
"GOBP_TOXIN_TRANSPORT","Full Rescue","No Side Effect"
"GOBP_CELLULAR_RESPONSE_TO_HISTAMINE","Full Rescue","No Side Effect"
"GOBP_REGULATION_OF_OXIDATIVE_STRESS_INDUCED_INTRINSIC_APOPTOTIC_SIGNALING_PATHWAY","Full Rescue","No Side Effect"
"GOBP_REGULATION_OF_GAMMA_DELTA_T_CELL_DIFFERENTIATION","Full Rescue","No Side Effect"
"GOMF_MISFOLDED_PROTEIN_BINDING","Partial Rescue","No Side Effect"
"GOBP_NEGATIVE_REGULATION_OF_P38MAPK_CASCADE","Partial Rescue","No Side Effect"
"GOBP_POSITIVE_REGULATION_OF_PROTEASOMAL_PROTEIN_CATABOLIC_PROCESS","Full Rescue","No Side Effect"
"GOBP_POSITIVE_REGULATION_OF_ENDOPLASMIC_RETICULUM_UNFOLDED_PROTEIN_RESPONSE","Partial Rescue","No Side Effect"
"GOCC_VCP_NPL4_UFD1_AAA_ATPASE_COMPLEX","Full Rescue","No Side Effect"
"GOMF_TPR_DOMAIN_BINDING","Full Rescue","No Side Effect"
"GOBP_DOPAMINE_BIOSYNTHETIC_PROCESS","Partial Rescue","No Side Effect"
"GOBP_NEGATIVE_REGULATION_OF_TRANSCRIPTION_REGULATORY_REGION_DNA_BINDING","Partial Rescue","No Side Effect"
"GOBP_NEGATIVE_REGULATION_OF_INTERFERON_ALPHA_PRODUCTION","Partial Rescue","No Side Effect"
"GOBP_MAINTENANCE_OF_PROTEIN_LOCATION_IN_CELL","Partial Rescue","No Side Effect"
"GOCC_LSM2_8_COMPLEX","Full Rescue","No Side Effect"
"GOCC_MITOCHONDRION","Full Rescue","No Side Effect"
"GOMF_WW_DOMAIN_BINDING","Partial Rescue","No Side Effect"
"GOCC_SARCOPLASMIC_RETICULUM_LUMEN","Partial Rescue","No Side Effect"
"GOBP_SRP_DEPENDENT_COTRANSLATIONAL_PROTEIN_TARGETING_TO_MEMBRANE_TRANSLOCATION","Partial Rescue","No Side Effect"
"GOCC_COATED_VESICLE","Partial Rescue","No Side Effect"
"GOBP_REGULATION_OF_RESPIRATORY_GASEOUS_EXCHANGE","Partial Rescue","No Side Effect"
"GOMF_METALLODIPEPTIDASE_ACTIVITY","Full Rescue","No Side Effect"
"GOBP_DOLICHOL_METABOLIC_PROCESS","Full Rescue","No Side Effect"
"GOBP_SPERM_EGG_RECOGNITION","Full Rescue","No Side Effect"
"GOBP_MAINTENANCE_OF_PROTEIN_LOCALIZATION_IN_ORGANELLE","Partial Rescue","No Side Effect"
"GOBP_REGULATION_OF_RIG_I_SIGNALING_PATHWAY","Full Rescue","No Side Effect"
"GOMF_KETOSTEROID_MONOOXYGENASE_ACTIVITY","Partial Rescue","No Side Effect"
"GOBP_NEGATIVE_REGULATION_OF_PROTEIN_MODIFICATION_BY_SMALL_PROTEIN_CONJUGATION_OR_REMOVAL","Full Rescue","No Side Effect"
"GOBP_REGULATION_OF_ENDODEOXYRIBONUCLEASE_ACTIVITY","Full Rescue","No Side Effect"
"GOBP_NEGATIVE_REGULATION_OF_MITOCHONDRION_ORGANIZATION","Partial Rescue","No Side Effect"
"GOMF_PROTEASOME_BINDING","Full Rescue","No Side Effect"
"GOBP_LIPID_DIGESTION","Full Rescue","No Side Effect"
"GOMF_GDP_DISSOCIATION_INHIBITOR_BINDING","Partial Rescue","No Side Effect"
"GOBP_STOMACH_DEVELOPMENT","Partial Rescue","No Side Effect"
"GOBP_HORMONE_MEDIATED_SIGNALING_PATHWAY","Partial Rescue","No Side Effect"
"GOBP_TORC1_SIGNALING","Full Rescue","No Side Effect"
"GOCC_BLOC_COMPLEX","Full Rescue","No Side Effect"
"GOMF_ALKANE_1_MONOOXYGENASE_ACTIVITY","Partial Rescue","No Side Effect"
"GOBP_REGULATION_OF_RIBONUCLEASE_ACTIVITY","Full Rescue","No Side Effect"
"GOBP_POSITIVE_REGULATION_OF_HEMATOPOIETIC_PROGENITOR_CELL_DIFFERENTIATION","Full Rescue","No Side Effect"
"GOMF_BRANCHED_CHAIN_AMINO_ACID_TRANSMEMBRANE_TRANSPORTER_ACTIVITY","Partial Rescue","No Side Effect"
"GOBP_ACID_SECRETION","Full Rescue","No Side Effect"
"GOBP_REGULATION_OF_PROTEASOMAL_UBIQUITIN_DEPENDENT_PROTEIN_CATABOLIC_PROCESS","Full Rescue","No Side Effect"
"GOBP_POSITIVE_REGULATION_OF_NAD_P_H_OXIDASE_ACTIVITY","Partial Rescue","No Side Effect"
"GOMF_SNAP_RECEPTOR_ACTIVITY","Partial Rescue","No Side Effect"
"GOBP_POSITIVE_REGULATION_OF_RESPONSE_TO_EXTRACELLULAR_STIMULUS","Partial Rescue","No Side Effect"
"GOBP_LIPID_PHOSPHORYLATION","Full Rescue","No Side Effect"
"GOBP_REGULATION_OF_CATABOLIC_PROCESS","Full Rescue","No Side Effect"
"GOCC_ENDOPLASMIC_RETICULUM_CHAPERONE_COMPLEX","Partial Rescue","No Side Effect"
"GOCC_FICOLIN_1_RICH_GRANULE","Partial Rescue","No Side Effect"
"GOCC_PHAGOCYTIC_VESICLE","Partial Rescue","No Side Effect"
"GOBP_REGULATION_OF_AUTOPHAGY","Full Rescue","No Side Effect"
"GOMF_POLYNUCLEOTIDE_ADENYLYLTRANSFERASE_ACTIVITY","Partial Rescue","No Side Effect"
"GOBP_SKELETAL_MUSCLE_SATELLITE_CELL_DIFFERENTIATION","Partial Rescue","No Side Effect"
"GOBP_PROTEIN_IMPORT_INTO_PEROXISOME_MATRIX_RECEPTOR_RECYCLING","Partial Rescue","No Side Effect"
"GOBP_RNA_TEMPLATED_DNA_BIOSYNTHETIC_PROCESS","Full Rescue","No Side Effect"
"GOBP_FATTY_ACID_ALPHA_OXIDATION","Partial Rescue","No Side Effect"
"GOBP_NEGATIVE_REGULATION_OF_GENE_EXPRESSION","Full Rescue","No Side Effect"
"GOBP_ESTABLISHMENT_OF_PROTEIN_LOCALIZATION","Full Rescue","No Side Effect"
